recipe_id,calories,protein_g,fat_g,carbs_g,fiber_g,sugar_g,sodium_mg,prep_time_min,ingredients_count,meal_type,diet_type,health_score,rating
1,754,8.46,52.17,33.16,3.49,5.12,1566,119,20,Breakfast,Vegan,55,1.1
2,195,14.68,35.87,8.05,4.97,32.49,1166,58,10,Snack,Vegan,36,4.2
3,106,46.01,12.02,53.6,6.95,10.77,1613,48,6,Breakfast,Non-Veg,13,2.4
4,452,37.02,56.69,88.92,13.41,48.66,825,15,20,Dinner,Vegan,80,4.5
5,470,35.49,49.62,10.27,5.7,14.47,213,114,10,Breakfast,Non-Veg,36,2.8
6,473,11.43,25.51,82.07,17.55,34.18,196,82,8,Lunch,Veg,60,2.5
7,755,41.91,16.15,42.29,19.21,2.8,1733,9,13,Snack,Non-Veg,9,1.8
8,680,52.83,22.71,80.38,9.89,45.73,989,23,11,Lunch,Veg,96,3.2
9,369,45.33,30.56,72.11,9.05,49.87,333,70,18,Breakfast,Veg,15,1.6
10,263,47.94,30.13,12.31,9.54,49.81,1133,37,20,Breakfast,Vegan,93,1.5
11,649,45.55,54.03,44.12,7.34,7.91,56,97,11,Lunch,Vegan,14,4.5
12,405,50.82,36.03,27.87,9.35,8.08,1644,72,3,Dinner,Non-Veg,3,1.4
13,471,52.97,58.38,40.36,1.45,43.9,1989,15,5,Snack,Veg,98,3.1
14,228,9.45,33.79,68.23,6.63,43.62,916,32,20,Lunch,Vegan,40,2.6
15,787,39.69,31.23,64.52,3.03,11.23,742,7,20,Lunch,Vegan,29,1.0
16,824,38.6,16.8,109.12,21.49,3.54,537,40,18,Lunch,Vegan,17,3.9
17,684,35.42,17.77,59.39,10.18,4.72,1399,60,14,Snack,Non-Veg,60,4.5
18,155,41.06,68.91,16.32,10.07,16.97,1814,18,10,Lunch,Veg,69,2.8
19,532,12.64,32.92,105.57,1.88,40.4,1803,75,6,Breakfast,Vegan,70,4.3
20,195,55.73,59.56,24.13,12.14,10.69,871,120,4,Lunch,Non-Veg,1,4.9
21,371,55.74,55.17,37.8,17.41,36.53,1654,76,18,Lunch,Veg,38,1.9
22,159,35.59,38.41,91.02,1.43,29.21,1079,114,19,Lunch,Veg,66,1.3
23,290,5.97,5.69,104.11,10.09,47.08,1216,36,4,Breakfast,Non-Veg,85,3.3
24,635,20.35,18.99,82.02,7.85,13.28,318,90,12,Snack,Non-Veg,97,4.7
25,109,28.58,69.89,119.55,1.83,10.66,593,21,14,Breakfast,Veg,48,2.1
26,548,50.36,49.54,75.34,24.68,32.7,66,90,20,Dinner,Vegan,14,4.8
27,237,17.34,62.39,90.38,3.89,14.09,481,96,13,Lunch,Vegan,82,4.4
28,617,30.33,63.47,102.3,2.31,21.18,616,10,3,Dinner,Veg,82,4.9
29,265,44.99,39.07,54.18,0.24,3.76,1858,93,7,Breakfast,Non-Veg,75,3.2
30,540,9.39,22.27,108.38,19.9,43.04,1890,50,9,Lunch,Vegan,14,2.4
31,673,53.28,29.04,76.38,3.86,46.49,1820,25,8,Snack,Veg,23,3.9
32,440,47.38,29.41,82.04,18.38,12.41,376,105,6,Snack,Veg,61,1.9
33,571,22.28,57.62,105.2,5.57,33.0,866,47,11,Breakfast,Non-Veg,45,3.6
34,509,41.41,59.21,43.08,0.69,43.85,584,27,11,Breakfast,Veg,77,2.7
35,846,47.61,31.11,118.19,2.89,44.98,439,37,4,Snack,Veg,67,4.7
36,651,41.84,65.88,89.76,4.93,21.56,1993,90,13,Dinner,Vegan,16,3.9
37,407,31.41,47.02,42.51,17.43,27.72,442,58,15,Lunch,Vegan,73,2.2
38,661,50.36,21.97,29.17,19.64,30.33,709,64,17,Snack,Vegan,28,3.0
39,853,11.84,6.85,64.28,15.82,16.76,1726,101,10,Dinner,Veg,26,1.6
40,147,16.2,33.78,102.72,1.82,20.72,1339,78,9,Snack,Non-Veg,52,2.0
41,771,41.88,62.59,103.95,22.14,38.92,498,27,19,Snack,Veg,72,2.0
42,224,28.47,56.3,81.77,24.7,29.77,1995,101,17,Snack,Vegan,58,4.6
43,861,51.97,32.05,91.45,21.0,13.87,1642,71,18,Lunch,Non-Veg,57,1.3
44,392,15.6,24.17,107.7,2.01,7.54,834,93,7,Lunch,Veg,54,2.6
45,655,29.02,5.3,100.78,9.74,38.49,1987,94,3,Snack,Non-Veg,1,4.8
46,405,45.7,59.89,114.64,10.48,37.38,1168,107,10,Snack,Veg,35,2.7
47,129,24.55,47.15,96.79,18.1,42.03,1933,21,20,Breakfast,Non-Veg,76,3.3
48,127,6.87,30.57,104.69,4.54,13.01,720,32,17,Dinner,Non-Veg,98,4.5
49,384,45.62,58.4,34.01,2.05,0.97,1154,11,14,Lunch,Vegan,9,4.1
50,767,4.33,3.14,33.44,20.98,31.07,538,21,18,Breakfast,Vegan,28,2.9
51,362,46.48,12.58,74.83,18.7,5.73,1727,25,12,Breakfast,Vegan,4,4.7
52,689,41.29,67.11,50.62,17.88,3.8,1464,111,10,Breakfast,Vegan,99,2.2
53,800,36.82,9.35,118.14,19.57,17.36,927,89,14,Breakfast,Vegan,83,2.4
54,530,49.7,8.28,115.49,15.89,41.44,1498,24,16,Lunch,Vegan,67,4.9
55,376,37.72,64.45,94.08,11.62,41.29,1263,39,13,Lunch,Veg,36,4.5
56,349,45.53,40.32,81.84,8.41,24.72,715,28,18,Lunch,Non-Veg,34,2.4
57,710,42.67,20.06,6.17,23.7,4.28,1524,57,18,Lunch,Vegan,61,3.6
58,602,27.99,2.19,38.84,10.11,12.17,1409,79,14,Snack,Vegan,68,2.4
59,863,33.92,25.27,57.18,7.67,11.53,1527,29,13,Breakfast,Vegan,69,4.8
60,806,12.74,15.93,60.68,18.11,48.83,1124,81,12,Breakfast,Veg,38,1.9
61,283,19.53,49.85,19.56,1.14,2.73,648,94,7,Snack,Veg,2,3.3
62,580,29.77,24.51,116.03,6.31,43.09,283,110,5,Snack,Non-Veg,10,3.3
63,802,5.11,11.29,69.73,7.6,49.7,292,76,16,Lunch,Vegan,49,2.8
64,553,19.25,41.61,54.32,14.22,3.01,1565,17,9,Lunch,Non-Veg,85,1.3
65,345,12.08,6.18,5.31,11.26,29.69,646,9,10,Dinner,Vegan,37,3.8
66,564,6.13,17.11,35.42,19.78,29.49,1696,30,16,Breakfast,Vegan,29,3.6
67,372,49.94,5.93,24.08,7.69,37.45,1215,41,17,Breakfast,Non-Veg,89,2.2
68,512,56.68,35.53,61.79,2.01,1.99,934,99,13,Dinner,Veg,12,1.9
69,790,50.49,40.69,114.34,24.99,33.61,601,78,4,Lunch,Non-Veg,67,3.6
70,384,12.53,41.39,78.0,12.29,4.56,762,57,13,Dinner,Vegan,14,4.4
71,437,25.88,35.19,81.2,10.01,38.02,125,63,5,Dinner,Non-Veg,42,1.5
72,891,25.44,36.51,118.63,16.44,27.13,896,11,9,Dinner,Vegan,97,3.0
73,552,46.08,15.05,68.16,23.19,21.91,1480,67,6,Breakfast,Vegan,78,4.2
74,826,11.19,39.01,68.51,2.33,49.61,1919,19,17,Breakfast,Vegan,20,3.0
75,833,18.93,49.67,52.78,12.06,23.61,985,75,7,Snack,Veg,77,3.0
76,239,52.11,20.06,95.85,10.37,46.71,1089,39,3,Dinner,Vegan,39,4.3
77,693,59.94,34.79,22.09,13.46,17.26,1180,102,20,Snack,Non-Veg,42,4.5
78,814,15.85,27.42,103.44,10.27,15.91,1018,95,15,Snack,Vegan,84,4.9
79,607,57.96,9.71,116.02,8.3,5.02,1780,61,6,Snack,Veg,93,1.6
80,770,58.26,6.16,94.88,6.63,31.16,864,88,5,Dinner,Vegan,69,2.5
81,424,38.35,62.23,61.11,13.53,30.87,530,85,12,Lunch,Vegan,12,2.7
82,200,46.1,49.57,16.56,4.16,14.97,109,10,13,Breakfast,Non-Veg,46,2.5
83,249,16.16,29.43,83.41,4.5,8.75,1298,116,15,Lunch,Non-Veg,75,1.6
84,572,39.0,32.71,81.69,22.47,23.26,639,91,20,Lunch,Veg,57,4.8
85,701,19.35,67.38,84.39,11.42,15.11,837,114,18,Breakfast,Veg,49,3.3
86,688,19.16,49.25,7.52,20.75,19.79,66,77,4,Snack,Non-Veg,100,4.2
87,721,48.51,16.11,26.87,6.27,37.78,1621,89,7,Breakfast,Vegan,83,1.2
88,551,3.94,26.18,20.11,22.74,16.34,900,27,9,Lunch,Vegan,47,3.1
89,379,50.17,18.73,99.84,12.05,40.32,1578,116,13,Breakfast,Non-Veg,10,1.6
90,331,51.89,50.97,117.69,24.18,40.23,799,16,15,Breakfast,Non-Veg,69,1.5
91,477,41.02,47.39,72.22,20.56,47.01,271,91,10,Snack,Veg,80,4.5
92,674,21.02,43.1,79.48,15.89,23.21,1485,43,16,Breakfast,Veg,6,4.8
93,411,59.76,9.01,32.0,13.44,19.43,809,90,20,Snack,Vegan,96,3.9
94,524,39.99,58.52,75.8,23.48,13.99,1463,52,9,Snack,Non-Veg,31,4.4
95,201,58.89,26.35,108.7,16.12,3.03,615,29,6,Snack,Veg,85,1.8
96,754,36.63,2.47,95.48,6.09,6.3,1206,31,5,Lunch,Vegan,28,4.3
97,338,21.06,11.18,108.56,0.07,42.92,346,21,20,Dinner,Veg,15,3.6
98,126,9.64,25.72,95.67,14.72,0.79,593,11,7,Snack,Vegan,15,4.0
99,587,28.0,25.98,73.27,11.3,11.08,1309,10,19,Dinner,Non-Veg,83,4.9
100,162,59.92,59.46,54.02,2.7,35.62,958,14,5,Dinner,Vegan,19,1.3
101,381,38.21,41.39,86.9,9.52,29.87,653,63,19,Snack,Veg,90,1.5
102,770,39.75,54.06,87.9,5.38,22.58,517,57,13,Snack,Non-Veg,54,3.9
103,420,26.75,46.89,48.04,3.82,46.15,187,16,5,Breakfast,Non-Veg,13,4.0
104,481,49.08,39.39,72.44,14.04,16.48,300,57,14,Snack,Vegan,7,4.9
105,714,20.12,8.15,63.35,3.87,24.11,1785,18,14,Dinner,Veg,98,2.1
106,331,48.82,59.32,117.07,20.46,30.68,1366,76,3,Dinner,Veg,24,2.1
107,880,19.92,24.45,5.7,21.75,28.32,870,13,7,Breakfast,Veg,96,3.1
108,485,26.35,24.52,47.56,18.04,38.84,1212,81,5,Breakfast,Veg,21,4.0
109,150,41.09,19.78,81.12,12.14,22.1,609,32,19,Breakfast,Non-Veg,56,1.4
110,794,41.35,34.58,81.72,1.14,19.76,1277,12,3,Lunch,Non-Veg,28,4.1
111,882,16.82,23.64,5.89,18.68,8.78,828,73,10,Dinner,Veg,51,4.4
112,143,27.3,32.72,13.95,7.83,21.46,878,95,16,Dinner,Veg,52,1.1
113,432,11.97,66.39,57.91,17.24,18.09,944,113,6,Lunch,Non-Veg,76,2.6
114,180,24.95,22.41,44.04,8.33,8.41,1095,86,6,Lunch,Non-Veg,45,3.9
115,760,49.27,17.3,21.84,4.93,30.12,1606,102,5,Lunch,Vegan,64,2.9
116,677,46.07,31.97,111.28,14.11,31.76,1329,46,13,Lunch,Non-Veg,9,2.9
117,746,19.56,19.95,11.46,12.68,15.52,975,9,4,Dinner,Non-Veg,10,3.6
118,192,37.67,35.99,58.21,13.86,39.59,1884,10,17,Lunch,Non-Veg,78,2.9
119,254,57.55,32.09,98.26,20.93,49.12,222,69,8,Breakfast,Veg,91,2.8
120,549,32.4,43.08,46.85,22.95,19.37,1636,48,4,Dinner,Veg,43,1.4
121,794,24.42,18.39,102.93,24.11,30.14,357,47,5,Lunch,Non-Veg,40,4.9
122,815,40.4,9.9,86.52,2.12,27.95,1367,106,13,Lunch,Vegan,90,4.3
123,856,59.84,63.96,15.75,16.76,25.42,87,51,12,Lunch,Veg,44,4.8
124,597,13.14,70.0,22.82,7.39,39.41,1089,103,20,Breakfast,Vegan,44,4.5
125,732,9.6,26.99,23.66,20.78,38.55,1706,120,8,Snack,Veg,53,2.5
126,836,15.78,31.65,37.77,18.71,22.45,1143,35,12,Snack,Veg,48,3.7
127,684,59.1,32.86,37.4,9.55,26.37,381,109,9,Lunch,Non-Veg,7,3.6
128,480,34.16,8.08,102.28,21.28,14.25,1612,25,11,Snack,Vegan,19,4.3
129,193,56.89,16.32,56.88,8.74,1.33,159,55,19,Dinner,Veg,50,5.0
130,483,15.02,22.99,16.39,17.87,16.76,349,22,4,Dinner,Non-Veg,90,4.3
131,877,42.92,31.95,5.6,1.98,12.8,1760,24,20,Snack,Veg,100,2.2
132,408,9.07,17.45,78.48,15.57,3.14,1763,120,18,Breakfast,Vegan,66,3.3
133,835,10.33,30.62,75.7,6.01,20.83,1410,90,5,Dinner,Veg,68,3.2
134,619,34.14,27.94,59.07,15.89,49.05,569,100,3,Dinner,Veg,45,2.0
135,772,38.44,54.23,89.55,8.31,2.22,1168,48,8,Snack,Vegan,62,3.5
136,238,5.66,54.56,57.63,7.34,2.19,458,118,4,Dinner,Non-Veg,66,2.6
137,656,29.46,3.53,79.39,7.15,43.11,147,115,13,Dinner,Veg,48,2.7
138,509,45.11,62.73,49.46,24.34,24.81,1068,52,19,Dinner,Veg,94,2.7
139,540,36.94,57.74,67.73,8.03,4.0,1403,42,12,Snack,Vegan,92,2.7
140,806,27.75,31.85,88.58,22.79,30.74,940,40,4,Breakfast,Vegan,82,2.6
141,625,48.46,47.88,114.57,3.57,30.38,1650,61,4,Lunch,Veg,31,4.1
142,475,23.0,66.51,8.72,3.84,22.5,809,52,17,Breakfast,Vegan,18,3.1
143,507,20.23,20.23,115.46,0.65,9.3,1110,54,20,Breakfast,Non-Veg,100,2.0
144,556,14.45,43.22,84.81,24.97,10.01,327,114,5,Snack,Veg,92,2.8
145,189,49.01,67.76,118.46,16.7,35.48,1176,74,12,Dinner,Veg,92,3.8
146,817,38.99,55.77,63.51,3.03,10.05,334,35,18,Breakfast,Non-Veg,71,3.3
147,578,48.61,39.06,75.37,2.16,15.46,1518,97,18,Snack,Non-Veg,74,1.3
148,424,39.26,32.05,83.21,8.61,43.9,1647,75,8,Lunch,Non-Veg,65,4.6
149,156,50.22,36.75,39.97,4.05,46.74,511,49,19,Dinner,Veg,33,1.8
150,664,17.92,44.13,75.66,2.34,32.05,1262,79,7,Lunch,Vegan,80,3.9
151,719,21.58,64.75,9.74,21.59,4.06,1992,87,11,Lunch,Vegan,54,3.5
152,131,30.89,44.27,38.31,23.92,24.15,1698,108,15,Dinner,Non-Veg,10,3.8
153,261,27.5,34.41,28.46,15.17,15.63,1521,45,14,Snack,Veg,98,2.5
154,675,8.16,17.68,19.09,11.24,7.04,153,42,15,Snack,Veg,21,4.3
155,691,43.83,14.1,23.32,24.9,23.34,1850,44,18,Breakfast,Veg,51,3.0
156,346,14.48,25.35,10.81,12.37,44.12,1389,91,18,Dinner,Vegan,2,4.4
157,541,9.77,19.25,47.06,10.08,2.26,154,77,20,Lunch,Non-Veg,71,2.2
158,495,31.25,53.74,37.17,24.73,34.02,293,21,6,Snack,Non-Veg,44,3.2
159,474,45.79,14.73,63.55,12.5,2.27,330,96,13,Snack,Vegan,59,1.6
160,627,10.11,65.26,41.63,9.82,30.83,1775,43,13,Snack,Vegan,73,2.2
161,117,23.36,47.49,117.69,14.59,39.84,1535,116,3,Snack,Non-Veg,84,4.1
162,894,35.55,16.7,10.91,12.01,26.21,1526,84,15,Lunch,Vegan,32,1.1
163,817,8.37,2.31,41.07,3.79,34.53,890,69,18,Breakfast,Vegan,18,3.1
164,674,20.85,46.69,65.43,7.84,8.66,1918,73,13,Dinner,Vegan,99,4.5
165,797,39.31,48.84,75.16,4.81,12.33,1192,43,10,Dinner,Non-Veg,91,1.8
166,821,30.36,34.11,69.46,23.36,36.08,639,20,20,Snack,Non-Veg,45,4.8
167,249,18.85,20.85,87.13,8.66,22.12,575,100,18,Lunch,Veg,69,2.1
168,675,42.38,10.47,75.8,14.67,12.12,1421,120,19,Lunch,Vegan,30,1.2
169,523,21.16,33.6,83.34,3.44,48.23,1952,25,16,Snack,Non-Veg,84,1.8
170,394,20.63,45.57,109.41,2.24,28.71,1145,99,4,Lunch,Non-Veg,23,4.7
171,137,59.84,28.39,61.97,23.42,48.11,1946,42,4,Breakfast,Non-Veg,73,3.4
172,443,18.5,69.25,67.48,12.35,46.93,1792,69,17,Dinner,Veg,15,2.3
173,848,28.62,18.75,26.41,18.42,39.54,1212,91,9,Lunch,Vegan,82,4.6
174,537,31.89,6.98,81.96,4.62,7.03,712,36,3,Dinner,Non-Veg,31,2.8
175,373,57.33,21.83,88.13,0.29,32.68,1468,35,4,Breakfast,Non-Veg,40,1.6
176,802,31.15,62.76,85.91,7.77,5.87,1926,42,14,Lunch,Veg,18,2.9
177,565,45.37,42.8,52.82,13.73,23.54,1150,107,9,Lunch,Vegan,97,3.4
178,183,32.48,37.44,46.61,22.93,5.61,1747,75,19,Lunch,Vegan,69,1.6
179,435,51.56,31.49,83.23,17.92,24.44,1890,70,17,Breakfast,Non-Veg,17,3.1
180,567,34.71,39.56,82.37,7.7,1.09,571,109,3,Lunch,Vegan,10,1.2
181,452,42.62,38.34,11.93,22.36,49.31,1016,9,12,Snack,Veg,99,1.5
182,756,58.74,45.57,53.34,24.82,19.12,1830,53,15,Breakfast,Vegan,85,4.5
183,236,39.9,25.0,25.52,13.43,26.44,1540,33,3,Breakfast,Non-Veg,60,3.7
184,657,26.6,27.17,31.41,11.52,7.76,436,117,6,Breakfast,Vegan,54,3.5
185,116,15.96,5.64,73.3,11.16,33.6,1836,11,10,Breakfast,Non-Veg,57,1.9
186,322,45.75,54.55,21.12,24.84,11.71,1926,98,13,Dinner,Veg,39,4.5
187,776,32.23,29.54,36.64,13.92,29.58,1555,27,16,Snack,Veg,45,4.8
188,787,24.11,37.19,85.08,10.21,14.99,426,101,20,Snack,Veg,29,2.2
189,824,10.37,32.95,11.63,10.32,20.83,1135,22,15,Lunch,Non-Veg,27,2.3
190,180,55.49,59.45,15.63,18.11,9.52,599,53,4,Breakfast,Veg,98,3.4
191,787,34.41,34.08,104.99,8.32,47.85,81,32,9,Breakfast,Vegan,97,2.9
192,348,42.35,49.56,50.61,5.98,16.08,629,53,17,Dinner,Non-Veg,34,2.4
193,609,29.03,56.39,88.08,19.04,16.01,466,52,13,Snack,Veg,73,4.5
194,859,10.46,18.99,112.5,14.48,20.88,362,30,13,Lunch,Non-Veg,73,4.3
195,611,33.94,66.1,43.82,19.08,24.43,1531,87,18,Snack,Veg,94,4.2
196,273,10.12,38.71,26.17,22.23,49.52,170,72,4,Breakfast,Vegan,7,4.1
197,522,9.97,44.52,12.82,3.78,10.94,983,52,4,Snack,Vegan,63,1.1
198,644,34.0,1.82,65.88,6.87,48.87,85,69,16,Lunch,Veg,13,3.1
199,346,13.13,37.33,98.75,6.68,19.84,814,56,17,Lunch,Vegan,29,2.2
200,182,39.92,60.22,92.35,2.34,18.96,1181,65,4,Breakfast,Vegan,22,1.3
201,544,39.4,23.86,117.39,24.35,44.74,1932,10,10,Lunch,Vegan,73,2.9
202,147,55.6,48.23,37.24,13.58,32.91,417,113,13,Breakfast,Veg,76,1.6
203,829,49.61,65.09,39.42,14.1,28.33,1789,54,20,Dinner,Non-Veg,97,4.0
204,805,44.0,35.55,117.05,1.34,21.85,1767,14,13,Snack,Non-Veg,4,3.5
205,561,30.46,25.55,113.23,10.8,33.98,1403,53,5,Dinner,Veg,92,1.3
206,374,10.94,50.11,77.9,18.49,15.83,268,16,3,Dinner,Non-Veg,47,4.0
207,204,9.69,13.93,56.62,13.87,20.4,103,16,14,Breakfast,Vegan,77,4.1
208,494,2.72,29.55,94.6,18.12,27.98,547,78,19,Lunch,Vegan,49,1.7
209,375,19.47,35.03,12.28,10.87,21.06,1041,105,5,Dinner,Non-Veg,32,3.9
210,607,36.44,14.49,17.3,7.62,47.44,730,112,15,Dinner,Non-Veg,43,2.7
211,766,58.51,10.39,41.88,23.68,10.04,693,27,15,Dinner,Non-Veg,95,3.8
212,602,58.13,54.96,42.48,7.01,39.29,797,19,9,Lunch,Vegan,99,3.2
213,844,28.77,49.88,55.42,7.28,34.64,1727,113,16,Snack,Veg,82,2.2
214,358,40.2,50.35,95.74,1.85,49.54,1031,79,15,Snack,Vegan,5,4.2
215,468,42.69,57.05,73.29,22.86,5.47,558,89,14,Lunch,Vegan,79,1.2
216,760,41.29,28.57,91.56,24.14,21.52,71,17,11,Lunch,Vegan,96,3.1
217,694,41.88,16.25,48.02,11.58,33.98,1464,69,7,Dinner,Veg,62,1.4
218,525,55.39,6.92,100.6,18.25,17.42,752,63,9,Snack,Non-Veg,61,1.4
219,839,42.41,23.0,39.53,20.25,5.75,1789,48,6,Lunch,Vegan,32,3.1
220,665,11.29,39.63,115.22,5.8,20.25,427,28,16,Snack,Veg,95,3.5
221,302,28.08,30.64,5.51,5.37,13.92,1491,108,5,Breakfast,Vegan,24,2.5
222,301,28.54,19.1,104.2,13.19,31.96,1272,54,15,Breakfast,Non-Veg,46,4.4
223,732,12.01,47.48,97.07,22.97,29.51,1426,22,13,Breakfast,Veg,40,1.5
224,482,42.22,36.25,53.1,3.45,19.19,430,67,20,Lunch,Vegan,22,3.0
225,243,12.85,59.1,76.23,21.64,47.59,1042,22,9,Snack,Vegan,65,3.6
226,518,41.71,29.68,101.59,12.22,4.13,113,106,10,Dinner,Veg,36,1.9
227,395,11.76,32.56,90.39,19.15,27.49,281,78,6,Dinner,Vegan,47,3.2
228,874,4.41,50.61,67.83,24.74,5.12,1749,88,10,Dinner,Veg,58,2.1
229,189,27.47,69.58,94.2,5.92,40.54,1254,93,14,Snack,Veg,79,1.6
230,311,49.18,56.58,70.56,13.31,29.84,394,46,12,Dinner,Vegan,35,4.8
231,626,59.16,47.87,15.95,24.07,39.28,1931,12,11,Lunch,Vegan,17,2.0
232,828,20.68,18.08,102.01,9.82,7.11,1345,39,16,Snack,Non-Veg,10,3.5
233,887,7.4,36.58,37.0,23.41,18.45,1996,67,13,Breakfast,Vegan,12,3.9
234,569,38.82,49.11,102.76,19.89,19.89,929,110,9,Snack,Non-Veg,42,4.3
235,445,33.74,10.01,103.03,19.71,44.71,1611,11,4,Breakfast,Vegan,59,1.1
236,261,27.59,1.05,115.17,5.06,34.43,320,117,12,Lunch,Non-Veg,12,3.6
237,356,6.78,46.85,79.62,1.29,31.28,1536,94,10,Snack,Vegan,12,3.8
238,101,14.38,6.38,73.27,12.99,22.25,66,94,13,Breakfast,Non-Veg,89,1.5
239,172,15.28,7.16,97.69,2.58,18.38,662,22,15,Lunch,Vegan,87,1.6
240,643,34.67,43.11,23.87,8.78,10.65,1582,24,16,Snack,Veg,12,4.6
241,243,45.64,41.68,49.16,24.08,15.73,336,36,11,Breakfast,Veg,71,3.4
242,838,37.24,54.75,84.4,21.2,32.92,667,31,19,Lunch,Vegan,51,2.2
243,155,47.46,55.77,32.52,9.65,12.05,1356,81,5,Breakfast,Non-Veg,41,1.5
244,682,26.41,38.7,24.87,11.78,49.37,199,7,5,Breakfast,Non-Veg,28,1.2
245,161,57.02,28.46,37.95,17.82,38.36,917,94,15,Breakfast,Vegan,69,3.2
246,256,18.09,22.38,63.8,5.08,40.4,1148,46,15,Breakfast,Non-Veg,90,2.7
247,344,5.36,6.95,54.97,11.33,30.44,683,90,8,Breakfast,Veg,91,1.5
248,111,11.5,66.76,65.15,19.57,36.04,391,52,7,Dinner,Vegan,16,4.1
249,130,21.43,30.62,65.24,6.57,48.75,1335,14,18,Snack,Vegan,47,1.2
250,680,11.68,11.85,93.93,22.36,33.71,286,34,19,Breakfast,Veg,2,2.0
251,583,23.11,64.5,25.58,24.01,1.77,1694,96,16,Lunch,Non-Veg,32,2.7
252,837,20.56,57.99,70.73,2.99,33.67,157,27,10,Breakfast,Non-Veg,9,4.5
253,389,46.86,22.44,14.93,11.42,18.45,647,77,12,Lunch,Non-Veg,48,3.4
254,605,59.87,54.54,89.23,13.66,39.8,358,5,16,Breakfast,Veg,70,2.4
255,810,52.88,66.62,5.17,16.43,42.45,1539,44,6,Lunch,Vegan,31,2.7
256,161,58.41,10.82,37.18,1.1,11.57,1781,71,16,Dinner,Non-Veg,96,1.3
257,197,31.31,44.97,50.35,14.8,3.11,1406,21,10,Dinner,Non-Veg,41,4.7
258,502,42.64,51.74,41.58,6.8,3.73,465,22,6,Lunch,Veg,22,2.8
259,421,25.58,37.98,115.93,5.19,15.42,592,114,6,Breakfast,Veg,88,2.2
260,821,42.42,3.78,101.13,8.19,4.56,558,50,15,Breakfast,Vegan,39,2.0
261,278,3.8,28.9,57.0,18.7,12.49,996,18,7,Breakfast,Veg,8,4.3
262,327,9.58,57.83,47.81,15.76,32.23,1242,80,11,Breakfast,Veg,9,1.8
263,761,27.72,9.89,109.08,20.73,16.58,137,64,4,Lunch,Vegan,56,4.3
264,504,30.78,27.41,54.07,8.85,45.42,613,40,17,Lunch,Veg,79,3.5
265,351,39.54,35.42,106.52,11.98,4.39,834,22,16,Lunch,Vegan,68,2.0
266,656,48.1,69.27,94.92,8.98,27.23,1042,49,19,Dinner,Non-Veg,35,1.7
267,426,36.63,3.02,98.23,7.02,40.43,1016,72,14,Lunch,Veg,13,2.0
268,346,17.46,57.32,110.48,1.4,49.82,499,78,15,Dinner,Veg,23,1.9
269,425,48.76,49.14,110.11,0.71,35.03,1990,77,7,Lunch,Non-Veg,70,2.2
270,602,4.2,4.88,74.19,0.5,23.9,729,83,9,Lunch,Non-Veg,92,1.7
271,431,5.45,11.19,86.04,3.54,5.55,1127,115,14,Breakfast,Non-Veg,91,4.8
272,505,35.99,24.22,42.1,24.4,36.62,944,106,18,Dinner,Veg,91,4.9
273,810,53.6,43.35,46.03,16.64,40.72,824,44,12,Lunch,Veg,94,1.0
274,818,57.02,28.02,119.34,24.13,1.62,1283,45,10,Breakfast,Non-Veg,19,2.3
275,179,15.8,68.78,24.31,22.13,4.44,1501,90,13,Snack,Veg,34,1.8
276,809,5.93,18.71,17.42,0.03,19.3,1550,58,8,Snack,Non-Veg,49,2.4
277,484,7.88,34.08,104.37,16.27,34.36,383,62,5,Breakfast,Non-Veg,3,2.3
278,207,6.3,12.74,48.18,18.3,27.35,1889,16,13,Snack,Vegan,4,2.7
279,769,11.57,62.39,23.07,2.53,10.28,439,57,20,Dinner,Vegan,37,2.2
280,198,4.88,40.45,101.58,3.84,18.04,925,16,12,Snack,Veg,13,1.1
281,274,39.02,68.42,59.46,2.89,39.24,1014,67,11,Breakfast,Vegan,70,2.6
282,479,53.36,26.49,56.26,6.58,23.25,513,112,11,Breakfast,Veg,97,3.8
283,199,6.97,24.72,67.27,24.27,29.49,1183,12,15,Snack,Vegan,88,4.5
284,586,35.22,17.26,39.37,9.87,42.7,121,69,19,Lunch,Veg,97,2.8
285,271,58.39,56.78,19.51,10.58,49.41,941,30,7,Dinner,Non-Veg,94,4.7
286,168,7.05,39.39,68.49,21.42,25.98,1928,116,3,Snack,Veg,54,1.6
287,680,36.1,53.33,113.06,23.12,28.13,256,105,12,Dinner,Non-Veg,34,2.5
288,597,35.18,33.64,24.8,10.07,30.91,1444,93,15,Breakfast,Non-Veg,43,3.8
289,150,45.25,64.54,108.16,0.51,40.87,670,44,11,Snack,Vegan,88,1.4
290,333,9.79,68.22,55.96,20.65,13.47,903,82,5,Lunch,Non-Veg,28,4.7
291,516,44.97,53.41,104.73,20.53,25.76,375,13,12,Snack,Veg,100,4.4
292,682,3.68,14.3,100.79,20.92,12.47,984,11,14,Lunch,Non-Veg,48,4.3
293,617,25.02,64.69,83.34,6.05,24.44,963,27,18,Dinner,Non-Veg,21,4.4
294,364,45.44,48.53,37.78,9.66,8.15,1221,104,9,Lunch,Vegan,29,3.7
295,375,39.79,36.42,104.43,24.18,34.11,1020,21,8,Breakfast,Veg,33,3.4
296,412,43.34,49.95,36.67,22.39,42.58,990,37,9,Snack,Non-Veg,87,3.1
297,738,25.03,8.06,63.82,16.56,42.16,816,76,12,Dinner,Vegan,14,2.9
298,444,59.32,45.2,104.07,6.53,35.55,1877,88,12,Lunch,Veg,67,4.1
299,158,48.71,56.36,74.0,16.51,34.04,1527,8,18,Dinner,Non-Veg,54,2.6
300,854,4.05,49.86,70.78,4.75,36.33,505,92,20,Snack,Vegan,46,3.0
301,274,50.76,61.48,25.83,2.44,6.4,579,97,20,Lunch,Vegan,43,3.6
302,327,22.61,52.35,40.31,19.7,16.57,583,79,12,Snack,Veg,61,1.2
303,749,35.85,66.16,13.19,22.24,25.02,1826,92,15,Dinner,Non-Veg,7,4.5
304,254,9.97,14.82,52.06,14.24,45.33,987,23,13,Lunch,Veg,63,2.3
305,281,20.18,5.0,56.99,5.23,38.68,1230,102,8,Snack,Veg,17,3.5
306,748,26.91,30.6,59.9,0.12,26.69,1546,52,3,Dinner,Vegan,25,1.1
307,104,38.35,18.17,84.76,8.61,6.45,835,69,12,Lunch,Veg,6,2.2
308,397,28.44,36.9,65.27,10.84,34.34,324,48,18,Dinner,Veg,22,4.8
309,513,3.11,16.48,118.26,5.28,1.1,1083,26,6,Dinner,Vegan,84,4.2
310,484,52.84,18.65,66.49,1.21,49.73,1405,18,3,Breakfast,Vegan,15,2.7
311,489,9.17,18.44,85.71,5.14,34.29,69,43,16,Breakfast,Vegan,67,2.1
312,720,42.64,29.9,108.34,12.79,30.88,628,19,6,Snack,Veg,78,1.8
313,369,50.23,68.15,46.16,10.24,8.02,1172,68,9,Snack,Non-Veg,31,1.0
314,787,7.16,8.62,71.03,12.35,47.47,1646,70,5,Breakfast,Non-Veg,83,1.9
315,403,17.32,4.46,98.52,21.85,42.61,787,107,13,Snack,Vegan,15,1.4
316,876,53.64,1.67,20.92,16.18,16.43,1881,61,11,Breakfast,Non-Veg,44,1.7
317,510,25.21,32.5,101.11,17.25,23.91,913,88,8,Breakfast,Veg,90,3.9
318,263,8.02,63.87,60.51,14.22,21.91,1301,53,14,Breakfast,Vegan,94,4.9
319,233,30.02,34.68,107.07,11.02,3.17,1391,45,3,Lunch,Vegan,44,3.1
320,804,42.63,7.57,81.1,6.21,17.29,1435,87,15,Lunch,Vegan,79,1.2
321,758,56.19,35.88,58.97,12.4,8.27,1588,67,13,Lunch,Non-Veg,36,1.2
322,328,33.93,27.13,98.97,1.97,22.21,1223,62,5,Snack,Non-Veg,41,1.5
323,609,45.22,2.23,51.4,0.9,27.45,1741,16,12,Lunch,Vegan,86,2.8
324,449,23.07,4.74,30.64,11.36,28.01,1319,81,18,Dinner,Vegan,58,1.5
325,877,40.22,1.15,45.84,15.84,40.0,1171,71,14,Breakfast,Veg,22,3.0
326,834,45.07,29.24,34.24,4.9,6.04,1795,55,9,Snack,Veg,92,2.4
327,875,26.04,64.94,101.31,14.72,38.61,972,63,19,Lunch,Non-Veg,1,3.1
328,149,34.09,30.86,72.29,23.11,39.05,1914,27,8,Lunch,Veg,50,3.6
329,720,53.2,35.78,49.24,24.49,45.8,1611,36,11,Snack,Non-Veg,38,2.8
330,236,10.01,42.57,106.94,12.81,42.15,1171,115,13,Lunch,Veg,27,3.5
331,397,41.82,64.56,20.26,17.76,48.76,414,69,20,Dinner,Vegan,15,4.0
332,675,29.86,40.37,81.72,10.44,37.39,1773,73,12,Snack,Veg,67,1.4
333,490,10.43,47.25,27.99,18.75,8.05,636,92,11,Lunch,Veg,89,4.1
334,308,45.71,3.23,98.61,2.56,43.4,1564,76,10,Snack,Veg,66,4.1
335,812,18.68,46.85,111.55,9.69,47.84,1453,45,20,Breakfast,Veg,96,2.0
336,735,52.39,60.37,55.95,5.64,31.69,1503,87,14,Lunch,Vegan,25,2.2
337,281,59.04,6.14,115.68,18.38,5.97,133,59,11,Dinner,Veg,21,3.3
338,361,2.33,33.18,112.81,1.0,46.43,1272,11,12,Snack,Vegan,71,2.4
339,824,20.44,16.18,26.14,1.7,25.26,901,74,20,Snack,Veg,45,1.9
340,318,40.47,23.84,38.76,23.76,30.91,1022,76,3,Breakfast,Vegan,45,2.8
341,757,37.59,43.86,115.27,17.06,16.05,1925,106,6,Snack,Non-Veg,70,3.9
342,125,54.86,57.73,48.12,20.07,22.28,139,42,9,Dinner,Vegan,11,4.8
343,271,58.35,54.36,66.32,15.67,10.54,1339,104,9,Snack,Veg,27,3.2
344,819,52.96,52.15,55.05,20.42,3.61,1455,24,3,Snack,Vegan,43,1.2
345,175,5.15,55.8,69.18,14.37,11.38,579,57,15,Snack,Vegan,52,2.7
346,117,24.59,9.16,5.68,18.01,3.16,1577,79,4,Breakfast,Non-Veg,65,1.4
347,802,19.48,6.97,93.01,10.94,19.76,1403,8,18,Lunch,Vegan,29,1.5
348,500,48.21,59.61,38.92,15.85,14.9,1866,106,14,Breakfast,Vegan,72,1.6
349,142,2.29,42.17,66.77,23.67,15.23,1582,99,14,Lunch,Non-Veg,83,4.4
350,245,11.34,16.23,101.0,4.86,9.07,1687,77,4,Snack,Vegan,71,1.3
351,787,5.91,7.78,88.44,12.18,16.54,312,90,10,Breakfast,Non-Veg,80,1.3
352,298,20.43,32.09,75.88,7.64,29.21,1208,77,14,Dinner,Non-Veg,22,1.0
353,352,47.57,50.14,78.7,6.92,17.97,1441,98,13,Snack,Non-Veg,58,2.4
354,412,30.24,8.51,79.24,2.05,14.03,1742,22,20,Lunch,Non-Veg,94,4.5
355,178,44.19,62.56,102.7,15.79,40.63,1235,56,9,Breakfast,Vegan,34,3.2
356,652,29.38,54.49,47.07,5.58,38.61,1551,114,12,Lunch,Non-Veg,65,3.0
357,506,23.1,1.73,32.47,24.1,49.09,1451,26,19,Lunch,Non-Veg,21,1.7
358,679,40.25,67.77,89.63,12.09,17.94,498,102,18,Lunch,Veg,34,2.5
359,143,40.78,36.73,96.02,9.7,45.9,1855,10,4,Dinner,Veg,91,4.9
360,748,50.12,58.61,35.28,13.61,8.69,1388,53,14,Breakfast,Vegan,33,2.5
361,328,31.95,25.35,104.79,12.17,24.11,1287,5,19,Lunch,Non-Veg,22,1.9
362,626,39.32,15.59,26.49,9.06,35.87,292,89,10,Snack,Non-Veg,93,1.5
363,791,29.77,15.54,23.54,20.83,1.12,138,21,8,Lunch,Vegan,66,1.2
364,686,10.52,12.48,111.08,12.92,20.27,1204,86,3,Dinner,Veg,28,2.8
365,582,52.3,12.77,100.49,15.02,39.73,1730,103,8,Dinner,Veg,93,3.7
366,564,36.6,5.75,48.49,3.31,0.83,1120,115,19,Snack,Veg,78,1.4
367,587,54.29,42.39,105.94,13.29,37.62,240,66,7,Breakfast,Vegan,84,2.7
368,530,23.48,4.0,65.93,5.74,40.12,1667,103,15,Dinner,Vegan,95,4.6
369,813,35.42,30.36,34.27,19.15,45.5,221,41,20,Snack,Non-Veg,25,1.0
370,861,47.79,40.88,18.55,0.18,32.73,1458,107,13,Snack,Non-Veg,14,1.6
371,767,35.95,19.03,66.65,14.12,30.59,1443,55,9,Snack,Vegan,72,2.9
372,479,34.43,34.38,118.68,14.44,38.71,865,99,7,Breakfast,Vegan,30,2.8
373,816,57.06,7.92,63.46,19.65,40.04,1307,94,4,Lunch,Non-Veg,82,1.0
374,193,49.75,33.55,74.03,2.2,13.15,809,15,4,Snack,Non-Veg,79,3.6
375,393,43.27,42.23,113.76,20.51,32.01,949,6,9,Dinner,Veg,5,4.1
376,622,31.92,16.99,24.49,0.9,11.96,50,25,5,Dinner,Non-Veg,46,3.7
377,515,35.99,36.72,89.75,1.72,4.51,632,97,20,Dinner,Non-Veg,36,1.9
378,299,28.38,28.87,5.53,4.38,25.31,1194,14,19,Dinner,Non-Veg,15,4.2
379,363,52.81,57.11,71.11,17.35,48.3,1203,66,10,Dinner,Non-Veg,88,2.8
380,700,52.0,34.26,34.65,9.57,39.43,501,91,10,Dinner,Non-Veg,46,3.1
381,109,42.65,19.17,38.04,9.97,37.44,750,14,20,Lunch,Non-Veg,41,2.4
382,687,17.61,66.35,83.56,22.75,24.95,458,35,10,Dinner,Veg,30,1.8
383,355,50.51,25.57,94.58,3.0,3.92,1408,68,3,Breakfast,Non-Veg,48,3.5
384,604,54.09,61.79,71.07,6.87,9.14,1615,70,11,Snack,Veg,97,3.3
385,155,32.49,30.2,113.06,0.81,17.36,1812,92,8,Snack,Veg,90,3.1
386,423,41.97,1.82,29.24,14.53,16.27,1304,115,11,Lunch,Vegan,34,1.9
387,582,57.59,24.67,26.15,10.6,20.95,1590,52,14,Snack,Non-Veg,58,1.7
388,234,58.8,48.33,98.63,18.02,40.2,1187,60,15,Lunch,Veg,95,1.6
389,109,12.24,35.47,119.49,21.23,25.85,1525,45,18,Dinner,Non-Veg,72,4.4
390,148,25.11,48.65,11.9,20.35,23.83,1339,17,17,Dinner,Non-Veg,47,2.4
391,670,56.05,18.78,7.28,3.03,43.37,1290,30,20,Lunch,Non-Veg,46,2.3
392,622,30.27,51.82,107.31,9.53,14.33,1343,23,8,Dinner,Non-Veg,81,3.4
393,514,51.24,5.92,23.63,5.71,15.84,646,95,11,Snack,Non-Veg,57,4.1
394,471,45.38,36.94,56.78,4.18,42.71,306,98,10,Dinner,Vegan,90,4.0
395,315,11.68,8.11,12.34,21.97,27.42,103,103,15,Breakfast,Veg,34,3.5
396,186,39.98,62.1,40.58,6.18,14.21,1333,21,7,Lunch,Veg,5,3.7
397,433,52.13,33.24,105.15,23.37,27.43,326,94,20,Lunch,Vegan,77,2.8
398,866,38.88,39.91,65.2,15.99,15.48,761,66,20,Lunch,Veg,57,2.2
399,522,17.07,21.95,5.01,20.38,42.4,754,41,18,Breakfast,Vegan,63,4.8
400,588,19.38,53.84,96.77,14.93,39.84,1172,52,9,Snack,Vegan,56,2.6
401,267,43.47,45.57,100.27,5.51,3.96,1330,35,19,Dinner,Non-Veg,84,4.0
402,375,25.95,59.89,25.98,7.24,31.84,1315,62,11,Snack,Veg,42,1.1
403,150,58.24,2.53,116.82,7.05,6.25,947,98,3,Lunch,Veg,20,1.1
404,322,21.83,22.5,96.94,24.95,23.18,1670,9,13,Breakfast,Veg,8,2.1
405,501,6.14,33.44,27.1,21.04,40.86,1746,6,6,Lunch,Non-Veg,99,4.9
406,353,44.78,3.31,58.0,19.27,26.06,476,65,15,Dinner,Non-Veg,21,3.5
407,143,45.19,38.92,19.05,12.03,14.94,788,118,4,Lunch,Veg,31,3.5
408,432,2.87,55.81,72.24,9.9,12.15,136,79,18,Lunch,Non-Veg,99,1.4
409,261,31.0,48.33,43.92,24.24,37.98,172,12,14,Lunch,Vegan,69,4.2
410,228,30.29,22.86,69.21,16.12,17.37,1876,61,9,Breakfast,Vegan,49,2.4
411,237,16.54,3.72,86.26,13.98,27.14,1053,29,8,Dinner,Non-Veg,94,2.9
412,713,55.04,39.26,12.92,3.88,14.78,589,74,14,Snack,Veg,100,3.6
413,488,44.55,61.92,76.27,9.1,31.01,706,97,5,Snack,Veg,68,3.7
414,884,33.99,43.3,42.1,16.02,5.52,1121,89,5,Breakfast,Veg,23,4.5
415,306,8.21,14.22,8.66,16.04,19.43,1053,72,11,Breakfast,Non-Veg,29,3.4
416,172,2.76,64.55,80.41,23.21,41.6,1008,107,4,Dinner,Vegan,96,4.8
417,525,49.68,55.8,11.7,15.42,26.45,1553,14,12,Breakfast,Veg,67,1.4
418,842,15.4,27.59,27.21,16.42,28.5,1990,27,20,Snack,Vegan,14,4.1
419,690,22.76,32.65,81.5,22.07,8.34,419,75,15,Dinner,Vegan,21,3.1
420,714,27.69,25.31,41.24,24.79,16.23,811,57,16,Dinner,Vegan,31,3.3
421,319,23.75,38.97,90.63,9.0,22.62,863,5,4,Dinner,Vegan,3,3.1
422,409,2.38,68.92,29.7,7.87,38.58,1981,93,11,Lunch,Veg,5,2.8
423,259,10.03,26.33,71.95,5.82,40.55,238,78,15,Lunch,Vegan,10,3.9
424,594,12.03,57.97,84.3,14.41,45.38,1269,87,12,Breakfast,Vegan,74,2.5
425,898,5.24,54.19,45.01,20.43,20.83,1827,20,10,Breakfast,Vegan,100,3.5
426,155,19.68,3.84,67.09,3.74,25.12,502,24,4,Snack,Non-Veg,97,3.4
427,616,7.22,30.8,95.43,3.7,16.81,1024,78,4,Snack,Non-Veg,11,2.6
428,544,46.88,10.0,20.51,13.98,24.39,1385,78,9,Lunch,Veg,10,2.1
429,540,20.76,64.77,15.3,16.79,21.18,763,29,13,Dinner,Vegan,84,1.1
430,412,11.82,25.13,99.48,20.07,31.16,952,10,10,Lunch,Vegan,48,1.6
431,845,51.46,8.75,11.27,23.72,46.34,1829,111,12,Breakfast,Non-Veg,89,4.2
432,412,28.1,2.57,29.04,13.45,10.19,1121,101,11,Snack,Vegan,94,5.0
433,811,42.53,2.27,72.05,16.59,2.17,398,12,12,Lunch,Vegan,80,2.1
434,576,39.98,1.58,49.69,6.78,42.6,1401,51,6,Breakfast,Non-Veg,84,2.5
435,489,31.5,49.97,108.95,12.12,29.86,230,28,9,Snack,Vegan,92,1.1
436,353,55.49,22.04,61.34,18.61,0.92,1451,50,14,Dinner,Veg,65,2.1
437,163,38.3,61.63,107.4,20.37,1.47,1186,40,10,Lunch,Non-Veg,51,3.6
438,189,44.33,36.93,82.97,21.82,34.33,904,35,7,Snack,Non-Veg,78,2.3
439,655,9.64,46.02,71.82,17.1,10.12,332,44,19,Lunch,Non-Veg,99,1.6
440,678,55.19,22.91,69.09,23.72,5.92,700,112,7,Breakfast,Non-Veg,53,4.8
441,410,27.69,65.43,107.82,23.33,13.69,1645,29,6,Lunch,Veg,4,4.0
442,726,37.78,42.79,75.42,14.91,11.55,103,50,5,Snack,Veg,65,4.4
443,580,43.3,26.8,102.99,12.29,6.88,445,33,4,Snack,Veg,35,4.8
444,327,45.06,69.19,92.14,1.65,46.36,949,115,18,Dinner,Non-Veg,32,2.7
445,894,4.43,51.74,48.74,7.82,30.58,1570,78,20,Breakfast,Vegan,14,2.8
446,143,52.91,17.95,66.85,24.6,1.96,843,71,4,Lunch,Non-Veg,57,2.6
447,411,46.87,20.73,24.15,7.36,45.95,1463,71,7,Snack,Vegan,58,1.4
448,612,8.56,54.73,112.85,17.4,6.77,896,46,17,Breakfast,Veg,59,3.4
449,829,53.96,61.9,15.37,8.1,32.43,1507,106,8,Breakfast,Veg,15,3.8
450,749,23.05,37.14,49.17,19.78,25.58,1995,25,15,Snack,Veg,99,1.7
451,443,34.8,46.51,22.26,21.72,8.94,1508,11,16,Dinner,Non-Veg,94,4.1
452,556,18.75,13.47,108.33,24.01,0.18,1617,37,3,Snack,Non-Veg,64,3.2
453,105,37.26,35.05,29.94,16.49,22.69,954,15,3,Lunch,Vegan,36,3.5
454,670,49.57,15.33,26.26,1.38,17.45,347,114,4,Dinner,Non-Veg,12,1.2
455,526,59.64,12.13,37.7,16.52,34.99,1222,105,20,Lunch,Non-Veg,96,3.3
456,136,7.4,21.65,47.39,9.47,3.38,925,112,20,Breakfast,Non-Veg,61,1.5
457,811,51.85,23.72,52.58,5.25,10.45,169,18,19,Breakfast,Non-Veg,93,3.8
458,823,18.66,43.01,41.4,13.13,49.75,774,21,18,Snack,Non-Veg,24,4.5
459,338,43.1,68.57,5.18,0.6,31.27,291,99,9,Snack,Non-Veg,6,2.3
460,673,48.75,15.65,78.67,17.25,12.72,188,44,12,Dinner,Veg,15,3.7
461,449,24.97,40.26,115.41,20.8,9.7,1757,48,18,Snack,Veg,83,1.5
462,259,38.38,62.55,66.75,8.38,39.2,897,100,4,Dinner,Vegan,93,3.7
463,668,33.08,15.37,83.83,19.99,44.4,774,13,7,Dinner,Veg,44,4.9
464,741,32.99,12.45,74.65,4.68,5.84,1652,101,12,Dinner,Vegan,5,2.1
465,188,30.83,17.4,56.97,23.77,10.81,669,27,6,Dinner,Veg,100,1.8
466,194,27.74,2.72,60.51,12.5,9.51,1941,66,19,Dinner,Non-Veg,19,4.1
467,200,49.68,65.72,82.82,3.32,36.23,990,54,19,Breakfast,Veg,40,4.7
468,803,51.19,61.16,43.33,22.23,5.16,1619,89,12,Breakfast,Vegan,98,2.2
469,314,20.61,14.29,36.81,7.98,22.06,290,39,7,Lunch,Non-Veg,15,1.1
470,737,34.46,8.06,67.39,13.73,13.55,1981,95,12,Lunch,Veg,10,2.2
471,446,33.35,4.5,8.33,22.58,2.52,835,11,5,Snack,Non-Veg,23,3.8
472,706,38.51,48.62,56.27,8.89,16.62,455,96,20,Breakfast,Non-Veg,73,1.5
473,815,29.16,32.44,83.71,17.76,23.27,524,33,7,Dinner,Non-Veg,51,1.7
474,781,21.16,60.39,42.35,12.19,3.27,281,49,18,Snack,Veg,37,4.1
475,718,35.33,36.05,51.65,17.86,5.35,1188,88,5,Dinner,Vegan,60,2.6
476,523,15.84,17.81,23.29,12.06,3.3,476,109,16,Snack,Vegan,44,3.2
477,341,12.04,47.2,90.03,17.8,41.84,284,80,17,Dinner,Vegan,13,4.3
478,280,19.87,29.0,73.8,17.14,29.82,1729,53,13,Snack,Vegan,85,1.2
479,322,49.39,62.22,108.87,15.9,0.01,350,89,7,Snack,Vegan,38,2.6
480,691,27.94,15.19,105.9,7.49,39.72,1441,43,16,Dinner,Veg,75,1.0
481,622,25.44,9.8,38.83,9.23,27.44,158,5,20,Dinner,Veg,37,4.5
482,340,27.04,41.72,76.9,17.79,20.3,941,74,9,Lunch,Non-Veg,18,1.8
483,493,50.91,25.86,52.98,7.21,43.64,307,22,3,Breakfast,Vegan,3,1.6
484,598,40.16,68.27,20.61,3.43,40.3,1811,63,16,Lunch,Non-Veg,66,2.7
485,560,24.31,16.58,53.85,0.19,24.91,1546,35,19,Dinner,Non-Veg,70,3.3
486,134,58.74,40.2,86.06,2.83,24.08,1464,15,7,Dinner,Non-Veg,67,1.3
487,724,7.13,33.6,90.29,24.01,3.9,1347,74,12,Breakfast,Non-Veg,69,4.1
488,580,28.33,63.52,71.01,8.29,17.65,1684,42,12,Lunch,Veg,89,4.7
489,867,19.64,55.17,34.95,15.73,28.91,1223,11,12,Breakfast,Non-Veg,63,1.3
490,617,6.46,55.08,33.99,15.39,13.76,576,6,6,Lunch,Vegan,95,1.6
491,557,23.45,13.1,94.99,5.9,9.04,1130,115,4,Dinner,Veg,19,3.4
492,257,50.58,52.94,52.49,9.58,33.03,1536,86,8,Lunch,Vegan,94,4.4
493,155,39.25,53.13,18.34,4.19,19.94,667,65,20,Lunch,Non-Veg,88,3.8
494,585,17.23,37.6,54.99,7.22,39.87,832,91,13,Breakfast,Veg,69,3.5
495,542,37.41,45.99,36.35,6.76,40.12,572,88,15,Snack,Vegan,96,2.0
496,788,36.15,14.45,43.8,17.26,9.0,1171,6,3,Breakfast,Veg,53,1.4
497,206,41.76,25.25,88.4,6.3,1.7,1318,16,4,Lunch,Vegan,82,1.5
498,222,7.01,42.72,48.24,19.1,32.4,1694,28,6,Lunch,Non-Veg,38,2.9
499,177,39.05,64.67,36.78,10.67,45.17,1626,103,13,Dinner,Veg,100,1.3
500,895,5.62,27.81,119.54,6.46,40.64,414,61,5,Snack,Veg,79,2.6
501,760,30.54,10.93,93.4,5.46,32.17,1919,61,11,Breakfast,Veg,10,1.3
502,845,16.53,31.77,108.1,3.72,32.02,1960,9,15,Dinner,Veg,90,2.3
503,500,35.33,36.56,113.09,12.27,21.8,1778,98,5,Lunch,Veg,50,4.8
504,898,29.96,40.14,112.53,8.97,34.09,870,12,5,Dinner,Vegan,44,1.3
505,570,46.11,21.01,28.36,13.86,48.38,1403,29,12,Snack,Veg,81,3.8
506,598,6.92,44.66,89.56,3.5,9.65,1524,80,10,Snack,Non-Veg,9,4.2
507,758,19.85,37.84,100.94,11.23,49.79,125,48,4,Dinner,Vegan,6,2.6
508,316,48.81,47.04,57.71,16.95,43.71,355,99,10,Breakfast,Veg,95,1.6
509,769,3.11,63.6,76.11,6.07,32.44,79,27,4,Dinner,Veg,59,3.4
510,705,5.71,57.41,18.13,14.87,30.78,179,107,9,Snack,Non-Veg,95,3.7
511,432,9.01,48.2,67.78,8.04,48.23,486,102,4,Lunch,Non-Veg,9,1.5
512,244,45.94,12.6,47.54,4.13,12.18,1241,10,7,Breakfast,Vegan,79,2.5
513,261,2.91,34.6,5.73,4.49,4.46,1384,80,12,Snack,Vegan,99,2.9
514,229,13.96,45.15,65.15,10.3,46.9,1300,93,4,Lunch,Vegan,64,3.4
515,190,38.38,55.0,45.0,0.11,11.78,290,72,6,Dinner,Vegan,65,1.9
516,888,38.33,15.36,11.1,2.82,7.46,1778,65,18,Lunch,Veg,86,4.7
517,155,39.4,20.67,54.99,8.36,40.26,1603,63,4,Breakfast,Vegan,7,4.7
518,280,11.17,3.01,64.21,1.77,11.76,960,80,13,Snack,Veg,96,3.7
519,433,15.34,8.6,31.19,5.93,20.63,459,53,10,Breakfast,Non-Veg,75,2.9
520,546,10.41,65.02,57.32,9.68,6.82,1524,29,14,Dinner,Veg,43,1.5
521,808,34.98,20.36,17.78,11.64,20.91,1607,48,10,Dinner,Vegan,21,4.2
522,753,57.26,63.48,71.48,13.82,11.49,893,114,19,Snack,Veg,76,2.9
523,573,18.19,51.37,89.66,6.17,16.36,1236,33,7,Breakfast,Non-Veg,6,1.2
524,581,44.54,35.79,53.96,9.86,40.49,1476,110,6,Snack,Non-Veg,31,1.3
525,871,2.72,51.49,114.24,3.32,14.79,1376,16,3,Snack,Vegan,40,1.6
526,570,51.76,52.56,7.81,11.37,38.59,1840,95,15,Lunch,Non-Veg,81,2.9
527,748,2.08,44.28,49.26,17.27,26.55,657,59,11,Lunch,Vegan,11,3.5
528,443,44.67,4.78,113.71,16.87,44.4,277,54,14,Snack,Vegan,6,2.5
529,279,39.59,49.64,69.49,19.34,6.92,735,35,20,Breakfast,Vegan,62,3.9
530,870,35.65,67.18,29.13,18.63,11.27,772,119,11,Snack,Non-Veg,7,1.3
531,453,28.24,35.6,100.4,11.75,26.6,1740,73,12,Snack,Vegan,48,4.2
532,809,48.91,65.92,12.55,22.3,22.89,214,55,8,Dinner,Veg,14,1.7
533,214,42.43,35.25,105.62,13.02,31.36,650,58,20,Lunch,Non-Veg,45,2.7
534,855,39.39,21.11,12.24,21.79,11.62,1990,71,13,Snack,Vegan,44,3.6
535,434,30.2,46.94,65.97,13.71,22.9,1211,21,12,Lunch,Non-Veg,30,2.9
536,395,46.65,4.27,45.61,11.4,8.32,1942,25,20,Dinner,Veg,23,4.4
537,809,54.47,55.82,23.54,2.92,49.69,1226,21,17,Dinner,Non-Veg,24,1.8
538,824,4.01,22.87,44.54,9.32,26.99,382,73,12,Breakfast,Veg,52,4.7
539,886,10.43,32.6,41.83,0.11,36.92,1089,47,12,Snack,Non-Veg,97,4.9
540,687,40.68,56.17,88.78,23.06,16.93,280,98,18,Breakfast,Veg,87,3.2
541,415,3.44,43.61,30.34,8.93,16.32,1295,87,9,Lunch,Non-Veg,26,1.1
542,651,51.27,47.72,115.13,24.4,19.72,1054,45,19,Breakfast,Vegan,47,2.6
543,833,51.52,26.5,47.88,7.12,17.57,962,116,20,Breakfast,Veg,94,4.6
544,859,59.57,56.45,38.19,20.14,48.52,918,98,16,Lunch,Vegan,77,1.3
545,312,19.59,69.2,65.41,8.39,46.66,1259,101,15,Breakfast,Veg,53,3.6
546,379,26.04,39.35,86.68,18.88,6.85,430,111,15,Dinner,Vegan,63,1.2
547,409,50.41,21.97,69.32,11.59,1.34,55,24,11,Dinner,Vegan,82,2.9
548,769,40.62,20.85,25.63,22.67,32.24,108,20,11,Snack,Veg,77,4.0
549,695,29.87,31.09,34.66,17.15,48.71,1725,20,14,Breakfast,Non-Veg,21,3.3
550,249,20.54,61.6,20.58,4.08,13.63,909,86,14,Breakfast,Non-Veg,38,3.1
551,178,31.8,53.88,26.07,2.36,37.63,1163,46,13,Dinner,Non-Veg,88,3.8
552,471,7.56,41.02,99.68,0.32,25.91,813,104,18,Snack,Non-Veg,21,1.4
553,258,31.2,58.38,96.44,13.97,34.48,2000,72,20,Breakfast,Non-Veg,59,4.7
554,219,49.49,64.72,60.14,7.79,18.13,1723,61,19,Dinner,Veg,91,2.2
555,862,49.25,16.34,103.53,3.56,11.33,306,31,7,Breakfast,Non-Veg,89,4.1
556,214,6.51,54.45,92.09,1.06,5.39,1674,89,19,Breakfast,Non-Veg,16,4.6
557,144,5.84,47.06,91.77,19.56,46.0,470,80,9,Lunch,Vegan,45,1.1
558,249,51.06,65.99,114.11,8.7,8.03,1075,104,10,Breakfast,Veg,75,4.1
559,641,14.59,14.22,37.41,22.54,26.86,1535,17,9,Snack,Non-Veg,90,3.4
560,550,41.06,8.41,101.0,24.53,21.2,1103,34,16,Breakfast,Non-Veg,16,2.9
561,632,9.88,53.6,86.04,13.93,2.03,721,68,6,Snack,Non-Veg,59,3.4
562,419,41.85,59.04,30.98,10.18,49.25,926,29,5,Snack,Vegan,48,1.7
563,790,30.52,8.26,55.38,16.46,4.25,343,55,15,Breakfast,Vegan,22,1.3
564,303,21.64,42.05,118.93,3.07,41.91,1535,68,11,Dinner,Vegan,52,2.4
565,782,36.98,28.91,60.72,6.97,38.4,271,20,11,Snack,Non-Veg,30,3.5
566,237,3.72,51.91,100.49,12.45,1.34,416,53,13,Lunch,Non-Veg,80,3.5
567,878,6.44,52.86,93.27,19.82,10.1,1405,68,18,Dinner,Vegan,44,4.2
568,653,33.7,66.73,8.63,10.76,45.75,835,62,13,Snack,Non-Veg,59,1.1
569,281,34.29,60.36,39.85,17.65,24.57,325,44,15,Snack,Veg,73,3.7
570,775,34.12,38.22,59.03,14.06,7.82,164,55,11,Snack,Vegan,49,3.5
571,461,46.46,20.63,12.06,14.76,6.41,800,49,3,Dinner,Non-Veg,13,2.7
572,465,25.89,4.89,33.09,5.87,15.6,223,93,5,Dinner,Veg,44,1.7
573,651,20.91,32.8,104.29,14.2,45.07,596,7,18,Breakfast,Non-Veg,49,3.3
574,430,35.21,56.77,16.51,16.88,16.8,1079,108,13,Lunch,Vegan,39,2.5
575,546,13.7,44.85,117.02,1.88,42.52,488,41,11,Breakfast,Non-Veg,74,2.6
576,331,38.23,67.1,87.54,14.45,29.59,609,13,19,Snack,Non-Veg,27,2.4
577,178,39.79,21.83,97.47,10.82,27.0,459,58,15,Dinner,Vegan,66,2.8
578,881,33.76,61.78,77.2,12.91,9.33,1072,32,17,Dinner,Vegan,69,4.2
579,887,54.6,65.49,88.56,1.5,10.03,997,23,10,Lunch,Vegan,88,4.1
580,545,25.8,60.35,109.78,15.85,42.3,596,110,12,Lunch,Non-Veg,88,3.4
581,515,15.83,11.35,8.19,19.93,15.53,1044,76,16,Snack,Vegan,5,1.8
582,379,9.91,18.83,97.41,16.47,8.8,1795,10,18,Breakfast,Veg,11,2.3
583,405,52.3,63.14,51.81,9.09,32.87,234,55,7,Lunch,Veg,74,3.9
584,223,32.27,58.2,114.21,23.29,12.59,1861,16,10,Breakfast,Non-Veg,43,4.3
585,854,24.62,52.64,32.13,10.57,7.21,408,32,11,Snack,Non-Veg,33,4.5
586,157,30.44,26.85,114.1,7.91,21.19,1448,36,11,Lunch,Non-Veg,61,3.9
587,415,3.22,67.71,74.67,21.04,33.11,1976,11,10,Dinner,Vegan,50,2.2
588,817,23.05,57.05,19.04,21.67,42.88,845,6,15,Dinner,Non-Veg,12,4.7
589,874,15.66,15.52,107.38,22.9,31.57,1851,108,16,Breakfast,Non-Veg,11,4.3
590,603,29.32,29.49,101.73,17.93,43.84,1729,17,8,Dinner,Vegan,9,2.4
591,716,44.3,38.79,42.58,17.38,38.1,1363,87,8,Snack,Vegan,18,1.0
592,304,38.44,22.65,14.46,3.95,25.82,1622,111,7,Snack,Non-Veg,58,2.9
593,852,9.74,12.97,73.2,8.19,14.09,222,58,14,Lunch,Non-Veg,49,4.8
594,684,15.02,66.42,111.16,16.18,31.33,1907,16,17,Lunch,Non-Veg,90,4.4
595,150,25.26,30.59,34.92,2.23,18.4,1989,77,6,Breakfast,Vegan,68,2.7
596,564,49.98,35.1,30.82,5.08,47.3,1715,105,11,Dinner,Vegan,64,2.5
597,541,51.67,42.41,119.45,7.07,33.86,906,28,16,Lunch,Veg,38,4.9
598,341,37.83,63.61,47.51,17.11,22.91,71,65,7,Dinner,Vegan,51,3.7
599,830,24.24,30.21,73.68,1.83,27.85,156,47,10,Snack,Non-Veg,78,4.8
600,712,43.15,56.88,5.62,12.61,19.05,858,90,14,Lunch,Vegan,6,3.3
601,366,11.85,35.01,44.01,11.7,4.48,1504,72,16,Lunch,Non-Veg,15,2.3
602,230,30.95,68.16,37.32,9.01,21.5,1898,117,11,Dinner,Vegan,41,2.7
603,268,20.3,69.62,92.82,3.78,42.65,1396,86,17,Breakfast,Veg,20,1.2
604,287,4.08,18.96,86.19,10.91,49.76,1948,68,4,Snack,Non-Veg,91,3.2
605,568,30.59,59.36,104.69,3.09,4.68,1828,41,8,Lunch,Vegan,66,4.3
606,676,53.67,41.41,72.11,24.29,26.3,1218,28,16,Breakfast,Veg,99,3.0
607,196,53.47,2.79,83.35,17.02,19.71,1259,18,13,Lunch,Veg,11,2.8
608,824,40.25,32.33,114.85,14.86,0.29,139,88,17,Dinner,Vegan,94,4.6
609,682,9.5,60.57,97.18,7.07,39.91,1573,14,20,Snack,Veg,52,2.0
610,345,57.97,60.72,15.26,21.31,8.15,1646,56,12,Lunch,Veg,39,3.0
611,542,44.68,64.6,108.93,15.09,17.95,246,111,14,Lunch,Non-Veg,58,4.5
612,587,17.57,42.42,15.38,10.56,18.41,431,60,16,Breakfast,Veg,66,2.4
613,574,41.23,45.69,87.07,23.27,26.36,1375,72,5,Dinner,Non-Veg,56,1.3
614,589,19.42,68.91,83.7,7.51,12.43,925,42,4,Breakfast,Veg,66,1.4
615,535,25.96,33.06,87.84,20.32,17.77,1249,15,19,Breakfast,Veg,95,3.6
616,283,47.6,59.16,10.2,10.41,35.22,692,80,17,Snack,Vegan,34,2.4
617,291,14.24,6.4,117.95,6.48,33.67,938,73,3,Breakfast,Non-Veg,15,1.1
618,771,29.67,48.73,104.91,24.15,30.09,1046,43,14,Snack,Non-Veg,12,1.5
619,114,13.07,57.3,85.04,4.71,1.34,1035,88,7,Lunch,Non-Veg,81,4.4
620,651,13.07,21.76,58.29,11.85,1.09,390,120,7,Snack,Non-Veg,61,1.1
621,560,35.94,14.89,70.48,20.85,2.55,66,18,16,Snack,Non-Veg,95,3.3
622,848,34.15,21.06,61.06,12.15,29.55,1302,91,18,Lunch,Vegan,8,3.1
623,532,35.43,39.17,35.8,16.21,44.46,289,68,14,Snack,Vegan,56,1.1
624,394,44.12,33.38,55.38,12.69,29.38,1452,48,17,Lunch,Non-Veg,93,3.8
625,526,50.32,47.44,89.48,19.9,39.99,1779,25,9,Dinner,Vegan,96,1.3
626,594,9.49,14.76,74.66,2.52,20.8,1061,43,10,Lunch,Vegan,7,5.0
627,467,53.09,25.64,23.24,20.7,44.72,115,108,5,Dinner,Non-Veg,15,3.5
628,223,34.59,34.56,119.27,19.62,38.47,1627,117,20,Dinner,Veg,89,4.5
629,718,40.83,49.74,111.56,10.95,22.86,1773,101,6,Breakfast,Vegan,79,4.1
630,204,49.77,3.9,17.12,15.75,43.54,1915,51,8,Dinner,Vegan,57,4.0
631,610,44.49,7.85,79.42,8.37,6.89,1787,30,17,Snack,Veg,32,4.3
632,585,21.8,35.85,14.8,9.31,37.74,788,85,10,Lunch,Vegan,54,4.1
633,241,48.5,29.53,52.07,11.47,42.62,1677,92,14,Breakfast,Non-Veg,19,4.1
634,834,48.76,66.11,14.75,7.87,49.1,386,60,4,Snack,Veg,85,4.7
635,254,54.35,4.99,77.63,17.83,33.02,1114,42,16,Snack,Vegan,90,3.2
636,411,43.85,22.64,44.58,20.68,45.01,1300,23,15,Snack,Vegan,27,4.6
637,739,47.72,45.99,85.21,22.19,39.08,878,104,9,Dinner,Veg,5,3.1
638,499,44.06,52.06,19.49,24.8,14.2,240,70,20,Dinner,Vegan,44,4.0
639,263,3.36,62.43,67.09,6.47,41.61,672,97,16,Breakfast,Vegan,8,4.4
640,365,38.37,25.46,10.49,16.27,6.24,660,78,3,Snack,Non-Veg,31,4.2
641,695,34.8,62.71,77.19,13.33,29.78,767,43,12,Lunch,Vegan,49,3.1
642,353,8.1,36.64,27.14,19.46,22.72,350,96,16,Snack,Veg,12,1.2
643,233,29.62,31.79,47.47,13.16,29.41,1112,104,15,Dinner,Vegan,64,3.5
644,550,41.96,66.4,89.15,10.42,8.14,1085,21,18,Snack,Veg,91,3.1
645,641,8.85,15.67,59.44,18.66,47.2,806,20,16,Breakfast,Veg,48,3.3
646,141,32.32,9.12,40.07,9.36,14.7,107,106,7,Lunch,Vegan,54,1.2
647,412,53.57,15.88,99.2,12.22,6.12,764,13,4,Snack,Non-Veg,74,2.2
648,563,54.22,54.91,59.65,18.0,30.29,1610,22,19,Snack,Non-Veg,86,2.8
649,845,20.86,56.19,81.42,10.24,11.64,859,48,20,Breakfast,Vegan,57,3.9
650,761,7.13,12.43,7.85,15.75,38.58,682,76,6,Breakfast,Veg,80,3.2
651,875,5.07,40.35,26.78,11.9,44.84,296,89,20,Lunch,Veg,36,4.1
652,351,50.12,58.89,71.65,2.12,26.68,706,56,4,Snack,Veg,44,2.7
653,524,3.4,37.43,48.93,2.28,48.99,1159,26,12,Lunch,Veg,33,4.1
654,257,19.79,29.1,24.46,15.36,16.26,105,96,4,Dinner,Non-Veg,13,2.3
655,522,53.79,18.8,113.28,22.49,2.59,540,101,10,Snack,Vegan,97,3.0
656,217,17.62,22.97,68.61,1.64,1.45,1347,34,3,Dinner,Vegan,76,3.7
657,352,46.25,45.96,19.44,14.21,22.3,1783,86,19,Lunch,Veg,48,3.2
658,272,47.36,38.09,53.73,22.79,22.59,52,109,17,Dinner,Vegan,22,1.0
659,593,17.85,18.31,83.2,24.98,42.12,485,79,19,Dinner,Veg,21,4.0
660,676,6.06,7.19,85.32,20.76,36.25,622,117,16,Lunch,Vegan,65,4.8
661,425,53.27,66.23,78.04,24.49,35.39,609,36,13,Dinner,Veg,59,4.8
662,436,2.92,48.74,79.34,0.05,23.83,1896,6,8,Snack,Vegan,90,3.8
663,880,24.78,6.6,105.82,16.28,26.93,1877,111,17,Breakfast,Non-Veg,49,4.3
664,466,24.43,58.9,98.37,24.59,6.24,808,29,17,Breakfast,Veg,96,1.1
665,387,41.47,49.93,27.02,20.41,31.26,1705,96,10,Lunch,Non-Veg,47,1.1
666,604,54.46,49.78,29.04,4.9,41.06,861,19,11,Snack,Veg,71,1.8
667,856,34.81,48.08,69.99,1.63,6.41,183,21,11,Lunch,Vegan,94,4.1
668,296,51.16,2.6,116.53,16.94,30.72,1444,76,17,Breakfast,Non-Veg,83,3.7
669,765,5.01,65.77,54.74,24.88,13.7,1442,71,17,Snack,Non-Veg,67,4.0
670,838,15.02,20.18,53.31,11.22,0.26,448,47,5,Breakfast,Vegan,29,4.9
671,533,57.55,64.27,27.64,8.23,3.14,1330,17,3,Snack,Non-Veg,4,3.4
672,741,56.23,59.0,33.42,11.84,47.94,1754,11,13,Lunch,Veg,100,3.4
673,549,46.32,44.15,71.58,2.14,3.03,118,53,13,Breakfast,Veg,8,4.7
674,552,5.18,43.14,54.66,2.55,2.79,156,42,15,Snack,Veg,80,4.0
675,338,52.15,55.34,76.76,11.34,23.21,926,117,6,Dinner,Vegan,87,4.1
676,564,32.0,41.56,17.42,0.31,35.66,1264,106,9,Lunch,Vegan,66,2.0
677,531,29.92,43.84,26.38,3.44,2.2,311,44,16,Dinner,Non-Veg,75,4.5
678,894,10.45,33.4,74.38,7.28,48.51,1110,80,7,Breakfast,Veg,65,4.3
679,672,51.8,30.12,27.47,5.01,45.43,1658,13,13,Lunch,Vegan,61,3.8
680,578,36.79,23.85,71.52,24.08,30.81,907,47,8,Breakfast,Non-Veg,6,3.0
681,103,39.05,48.83,58.65,5.33,24.04,1623,109,13,Snack,Veg,52,1.7
682,106,23.04,6.09,8.45,2.88,14.53,448,85,14,Breakfast,Veg,26,1.8
683,278,14.7,19.08,25.04,21.19,12.3,451,7,8,Dinner,Veg,3,4.3
684,240,23.98,55.33,17.76,23.4,15.25,541,52,14,Lunch,Vegan,80,4.5
685,828,5.79,10.97,111.28,19.87,9.58,824,93,14,Dinner,Vegan,55,4.9
686,350,55.42,53.65,72.54,21.36,14.71,354,46,10,Breakfast,Vegan,36,4.5
687,620,58.17,62.12,29.06,2.04,23.53,1408,83,5,Lunch,Vegan,50,4.0
688,760,45.57,26.82,64.67,4.47,35.62,1126,93,18,Snack,Non-Veg,35,3.3
689,753,55.43,41.29,9.21,5.49,10.15,1817,35,15,Lunch,Non-Veg,55,4.6
690,685,11.12,59.13,34.27,2.12,37.58,654,61,19,Dinner,Veg,75,1.2
691,624,38.03,30.4,58.77,10.22,40.23,699,39,15,Breakfast,Veg,57,1.9
692,760,6.4,63.2,38.87,12.54,27.33,210,105,11,Lunch,Veg,16,1.3
693,139,33.67,24.03,82.64,6.25,37.26,1623,92,11,Lunch,Vegan,78,5.0
694,870,43.54,38.48,35.03,19.25,14.09,759,105,15,Snack,Vegan,97,3.6
695,583,39.94,69.26,114.42,21.64,11.38,1531,100,9,Snack,Veg,67,3.3
696,665,45.94,50.85,58.06,19.8,15.65,434,59,16,Lunch,Non-Veg,58,4.4
697,130,23.73,40.85,19.76,23.58,0.48,1709,89,14,Dinner,Veg,54,2.7
698,870,25.4,54.73,66.82,8.15,1.16,1658,9,7,Lunch,Non-Veg,73,3.5
699,717,55.0,40.6,49.95,9.53,47.43,180,73,15,Lunch,Non-Veg,14,2.3
700,562,39.06,22.02,24.71,16.87,8.88,1742,93,18,Breakfast,Veg,26,1.3
701,495,18.46,17.08,80.85,1.75,2.87,1111,6,8,Dinner,Non-Veg,51,1.6
702,213,9.49,29.87,90.46,9.72,45.18,472,21,9,Dinner,Non-Veg,91,3.7
703,262,37.02,65.8,72.56,12.56,34.24,614,30,3,Lunch,Non-Veg,9,4.3
704,719,48.84,37.28,109.68,21.98,23.01,1229,10,5,Dinner,Vegan,59,2.4
705,828,47.96,27.99,99.69,21.25,20.75,417,120,16,Snack,Non-Veg,85,1.7
706,682,7.54,49.21,10.02,22.14,7.9,1857,85,20,Dinner,Vegan,9,3.8
707,839,54.33,63.7,52.3,19.05,6.06,805,14,6,Dinner,Non-Veg,58,1.7
708,312,31.35,32.89,13.42,17.36,37.49,830,48,15,Lunch,Non-Veg,5,1.0
709,217,43.13,10.42,82.08,11.61,23.07,219,75,10,Snack,Veg,61,4.3
710,265,11.89,2.25,16.56,7.35,26.73,850,26,5,Breakfast,Vegan,35,1.6
711,466,12.32,50.29,107.66,13.31,22.1,147,112,19,Breakfast,Non-Veg,89,2.2
712,153,36.7,4.36,48.4,5.04,12.48,1911,35,9,Breakfast,Veg,54,1.1
713,114,21.55,14.26,81.93,5.51,44.11,1682,111,8,Lunch,Veg,54,3.1
714,434,20.72,44.25,76.84,23.36,19.75,926,20,10,Lunch,Veg,46,2.3
715,115,25.32,22.82,49.76,11.47,3.3,1719,40,14,Breakfast,Veg,28,2.6
716,885,36.73,68.83,16.71,13.4,49.53,1791,77,8,Dinner,Veg,77,2.3
717,746,42.39,47.78,116.82,17.34,16.6,1351,102,13,Snack,Veg,43,1.1
718,699,28.04,36.26,90.31,12.59,35.23,77,34,3,Breakfast,Non-Veg,31,4.0
719,875,16.13,6.48,20.82,12.47,10.1,819,31,4,Lunch,Vegan,77,5.0
720,554,44.88,23.68,36.98,16.09,38.02,1116,106,16,Dinner,Veg,30,4.4
721,439,21.88,15.2,11.22,22.94,49.42,1691,92,10,Snack,Vegan,42,1.7
722,744,2.35,61.02,13.05,4.81,31.72,339,31,7,Breakfast,Veg,76,3.2
723,309,15.71,6.39,88.37,7.79,36.08,551,59,8,Lunch,Non-Veg,37,3.3
724,750,13.68,60.51,60.33,23.78,17.98,823,26,18,Snack,Non-Veg,65,3.4
725,543,46.1,57.55,96.26,0.5,19.07,1799,15,12,Lunch,Vegan,94,1.7
726,489,28.89,32.3,48.14,15.15,3.6,329,96,18,Lunch,Veg,25,1.0
727,612,44.36,26.82,51.52,10.4,19.73,1570,52,15,Snack,Non-Veg,83,5.0
728,172,25.71,3.68,110.98,9.62,28.28,447,102,16,Dinner,Vegan,45,3.0
729,600,38.83,26.4,11.64,9.63,21.2,555,36,18,Breakfast,Non-Veg,81,3.8
730,128,42.45,45.53,35.05,11.39,34.05,570,36,8,Breakfast,Veg,99,1.4
731,828,55.18,28.44,72.41,22.52,25.93,436,117,16,Lunch,Non-Veg,33,3.8
732,612,58.13,46.44,49.02,7.7,20.58,1844,98,5,Breakfast,Vegan,74,4.1
733,452,49.23,19.56,29.1,18.71,34.95,63,26,18,Breakfast,Veg,9,4.1
734,527,32.45,46.16,89.3,4.27,18.73,1491,22,9,Snack,Veg,65,4.8
735,561,34.89,15.67,28.11,18.75,40.46,442,38,16,Snack,Vegan,80,1.4
736,751,11.64,21.23,48.44,6.92,17.11,1249,35,18,Snack,Vegan,98,1.4
737,162,17.43,66.91,81.51,19.73,2.09,482,71,3,Snack,Vegan,67,4.9
738,879,17.42,34.53,92.04,15.11,16.83,1446,118,13,Dinner,Veg,47,3.7
739,487,37.43,68.3,105.4,20.16,0.15,1832,94,15,Lunch,Veg,78,1.5
740,643,18.21,49.25,98.73,9.21,30.92,1399,116,18,Snack,Vegan,25,1.0
741,753,57.54,57.07,6.91,9.01,2.29,1703,99,13,Snack,Veg,78,2.9
742,856,37.53,6.61,54.21,23.29,46.54,1398,114,6,Snack,Non-Veg,78,1.8
743,246,52.45,61.46,95.26,17.92,1.59,1069,106,5,Dinner,Vegan,71,4.9
744,578,11.75,31.79,18.3,16.57,12.05,483,26,5,Breakfast,Non-Veg,92,1.1
745,434,54.35,53.88,30.34,6.44,23.82,1888,90,6,Lunch,Vegan,82,3.9
746,192,48.14,23.96,30.74,14.4,46.19,182,87,13,Snack,Vegan,96,3.9
747,490,39.93,55.17,116.12,10.92,11.67,580,19,12,Breakfast,Veg,12,2.4
748,706,56.36,52.38,18.35,9.19,42.67,828,78,3,Dinner,Veg,76,3.1
749,497,58.83,23.06,46.98,16.98,39.83,1114,89,10,Breakfast,Non-Veg,2,3.2
750,571,20.32,57.31,39.13,5.47,34.0,351,81,12,Lunch,Vegan,86,4.4
751,819,3.99,23.09,62.77,17.21,13.67,1786,95,18,Lunch,Non-Veg,38,3.8
752,485,5.41,56.9,22.56,17.92,42.4,1963,108,10,Breakfast,Veg,63,3.9
753,406,59.09,46.49,102.58,24.78,27.4,741,59,18,Dinner,Non-Veg,51,1.3
754,844,18.42,49.05,27.44,21.41,19.69,318,46,4,Dinner,Non-Veg,84,1.7
755,240,27.63,34.29,108.18,5.24,40.22,450,99,3,Dinner,Vegan,74,1.4
756,251,23.84,68.81,83.14,4.21,2.82,778,65,8,Breakfast,Veg,66,3.6
757,707,27.16,11.25,88.09,6.13,5.94,862,67,12,Lunch,Vegan,96,2.5
758,808,59.49,47.28,15.31,11.59,40.91,832,40,17,Dinner,Veg,16,1.5
759,224,30.37,47.15,63.62,0.58,28.65,1222,66,11,Breakfast,Vegan,24,2.5
760,760,42.76,21.59,19.4,8.13,35.69,1815,106,20,Lunch,Non-Veg,90,1.1
761,669,49.41,55.06,65.96,1.6,41.86,1153,96,6,Lunch,Vegan,16,1.7
762,713,42.32,1.37,56.43,7.86,1.96,1227,31,8,Breakfast,Vegan,33,4.4
763,135,6.91,9.61,39.34,24.16,8.58,1985,89,3,Lunch,Non-Veg,6,4.8
764,631,54.47,21.24,66.42,3.5,24.52,690,71,14,Lunch,Vegan,13,3.7
765,145,15.75,13.98,39.47,20.82,47.87,1283,75,9,Dinner,Non-Veg,17,3.9
766,532,6.31,18.59,48.9,22.59,20.0,220,37,16,Lunch,Vegan,27,1.3
767,850,17.63,44.69,79.24,17.86,28.18,1376,110,19,Lunch,Non-Veg,20,2.3
768,544,23.98,67.52,33.46,6.75,26.57,1450,75,16,Breakfast,Non-Veg,82,1.4
769,441,47.13,11.1,96.78,6.84,4.9,505,53,6,Breakfast,Veg,68,3.9
770,413,36.15,56.67,15.99,8.72,28.61,627,75,11,Breakfast,Veg,22,2.3
771,869,24.59,24.82,90.25,24.2,26.58,1267,117,15,Snack,Vegan,17,2.0
772,803,31.79,11.73,19.53,9.47,36.77,158,97,14,Lunch,Vegan,78,2.7
773,568,12.62,69.05,96.82,12.56,13.79,926,71,10,Dinner,Vegan,12,4.8
774,516,46.69,59.32,77.99,1.92,12.0,241,26,4,Breakfast,Vegan,37,3.2
775,604,48.88,1.74,114.07,16.93,46.62,329,66,18,Breakfast,Non-Veg,2,3.5
776,863,2.42,30.32,66.45,8.63,49.71,1404,110,19,Breakfast,Vegan,58,4.9
777,790,55.95,53.7,108.94,4.37,18.35,323,70,14,Breakfast,Non-Veg,64,2.5
778,482,58.24,24.32,83.09,20.79,42.54,1806,20,12,Dinner,Non-Veg,38,2.1
779,102,44.81,40.25,30.01,7.62,46.66,1366,70,4,Snack,Vegan,63,1.2
780,106,37.7,23.67,45.7,0.13,44.51,431,56,14,Breakfast,Veg,56,3.0
781,186,32.69,63.0,52.23,22.83,0.35,1625,89,11,Lunch,Non-Veg,51,2.5
782,473,26.84,13.57,98.33,2.72,21.93,1769,61,8,Lunch,Non-Veg,96,2.7
783,467,53.25,49.94,17.73,7.12,6.68,912,100,13,Breakfast,Veg,86,1.8
784,590,57.66,68.82,18.66,12.23,24.78,1446,96,7,Dinner,Non-Veg,65,3.9
785,859,50.9,27.83,17.62,2.7,1.06,368,49,19,Breakfast,Vegan,31,1.2
786,450,26.92,42.2,5.92,12.0,14.11,219,102,16,Lunch,Vegan,20,3.9
787,291,16.47,53.9,104.38,24.86,12.37,1730,59,9,Snack,Vegan,14,3.8
788,614,37.44,14.02,103.31,15.72,7.44,296,21,15,Breakfast,Non-Veg,25,4.7
789,536,3.02,14.78,104.4,9.51,26.25,1483,86,10,Lunch,Non-Veg,55,2.9
790,622,26.77,4.56,17.66,9.09,47.15,1507,58,10,Dinner,Veg,24,1.2
791,153,40.3,23.19,37.81,7.0,30.33,932,28,11,Snack,Non-Veg,43,2.2
792,199,40.8,48.12,93.6,3.26,18.03,1708,51,19,Dinner,Veg,84,2.1
793,698,24.27,62.22,20.01,18.56,6.02,1251,118,9,Lunch,Vegan,58,4.7
794,176,56.63,43.71,39.67,11.85,38.05,1142,97,7,Breakfast,Veg,25,2.7
795,828,16.65,61.52,103.15,22.67,48.76,1882,51,17,Breakfast,Non-Veg,9,2.9
796,636,56.02,35.77,7.52,14.98,34.84,314,42,4,Breakfast,Vegan,25,4.0
797,507,30.71,37.74,64.05,1.87,21.89,1093,54,20,Snack,Non-Veg,78,2.1
798,288,2.21,40.46,73.09,0.22,46.43,1100,63,19,Dinner,Non-Veg,29,2.2
799,374,34.02,12.81,10.25,5.96,1.95,353,118,11,Lunch,Non-Veg,7,3.6
800,354,59.39,15.49,18.36,16.22,31.63,805,46,5,Dinner,Vegan,18,2.6
801,726,19.1,68.98,76.98,0.26,17.77,1546,40,8,Dinner,Veg,69,3.6
802,896,56.46,41.25,88.1,17.2,47.28,577,116,20,Lunch,Non-Veg,29,2.3
803,308,35.74,56.73,91.58,3.89,11.59,1537,60,14,Lunch,Non-Veg,12,3.0
804,570,12.73,60.5,26.72,12.26,36.47,1376,41,3,Dinner,Veg,23,4.3
805,803,37.25,5.79,13.29,6.13,45.46,874,17,19,Lunch,Vegan,97,4.2
806,717,7.78,27.5,17.65,0.34,41.53,1964,10,7,Lunch,Veg,35,1.6
807,742,36.78,55.68,6.08,19.79,27.12,1725,48,5,Lunch,Veg,62,4.0
808,554,49.3,22.21,60.07,6.1,27.18,597,85,20,Breakfast,Veg,6,1.4
809,403,7.95,62.17,52.76,0.03,11.22,514,59,15,Lunch,Non-Veg,84,2.1
810,800,24.32,62.01,99.62,2.81,8.48,275,33,6,Dinner,Non-Veg,10,3.5
811,221,22.91,64.8,14.75,1.08,7.56,927,72,13,Lunch,Vegan,55,1.6
812,783,41.86,44.11,38.01,21.89,13.55,1072,89,14,Dinner,Vegan,10,4.2
813,252,47.11,11.11,21.99,11.17,39.84,1029,109,5,Breakfast,Vegan,55,4.8
814,385,10.39,23.29,19.67,19.19,17.63,1062,59,18,Snack,Vegan,82,2.3
815,769,55.45,27.44,68.17,13.47,24.63,1148,110,10,Snack,Veg,75,3.9
816,639,35.52,48.85,91.05,17.58,11.76,55,31,3,Dinner,Vegan,61,4.8
817,212,5.46,25.1,102.61,21.67,40.95,653,63,7,Snack,Veg,27,4.3
818,157,45.33,9.09,85.01,3.58,36.65,1475,59,14,Breakfast,Vegan,14,3.7
819,175,29.66,41.98,23.19,3.67,7.06,551,14,3,Snack,Veg,98,1.7
820,861,10.13,37.39,114.11,11.75,36.13,959,105,3,Dinner,Veg,20,1.2
821,757,3.86,52.83,62.88,0.27,41.63,1442,117,17,Dinner,Vegan,65,2.2
822,332,26.57,11.82,116.91,13.04,48.9,306,100,9,Snack,Vegan,8,1.9
823,288,49.71,68.34,74.58,1.93,34.62,1027,45,15,Snack,Veg,7,4.2
824,762,26.6,19.62,17.01,9.07,38.94,737,8,10,Dinner,Veg,70,1.4
825,316,36.63,53.2,40.55,13.79,31.92,116,35,11,Breakfast,Vegan,73,1.2
826,595,4.65,22.71,113.5,0.21,17.83,628,55,19,Lunch,Non-Veg,97,2.6
827,464,58.48,49.48,16.2,10.18,37.07,256,69,7,Breakfast,Vegan,49,2.9
828,138,18.83,11.46,58.26,22.13,4.66,1521,34,9,Lunch,Vegan,21,5.0
829,613,31.95,51.28,79.91,23.26,17.07,1658,21,13,Dinner,Non-Veg,80,4.4
830,541,4.32,50.18,83.53,5.98,49.85,1292,14,7,Snack,Veg,2,1.6
831,416,33.73,67.86,94.87,2.18,4.71,692,26,12,Lunch,Veg,36,3.3
832,461,7.18,13.36,93.77,6.45,23.66,574,102,17,Lunch,Veg,73,3.0
833,472,51.82,28.66,103.56,22.93,6.45,801,70,13,Dinner,Veg,88,2.7
834,560,17.24,61.41,83.49,15.52,32.19,1567,106,10,Breakfast,Veg,14,2.2
835,262,35.07,59.91,30.65,21.85,33.46,764,64,17,Snack,Veg,11,1.7
836,210,55.21,64.65,93.34,4.99,16.44,699,48,18,Lunch,Vegan,95,2.9
837,385,28.37,38.61,114.08,3.64,10.67,1213,9,15,Breakfast,Non-Veg,56,4.9
838,318,5.14,60.89,114.55,17.09,13.49,1351,27,5,Lunch,Veg,36,2.6
839,405,52.68,32.15,53.27,5.35,44.65,426,111,4,Breakfast,Non-Veg,44,4.9
840,404,11.54,25.1,53.2,11.89,34.44,379,94,16,Dinner,Vegan,74,2.6
841,110,34.53,62.67,27.83,18.07,28.92,346,46,13,Breakfast,Veg,59,4.7
842,611,52.13,8.84,116.55,10.16,26.03,57,62,7,Snack,Vegan,75,1.4
843,323,45.25,13.95,85.09,19.36,30.05,492,49,9,Lunch,Vegan,74,4.8
844,479,49.2,2.12,108.12,12.55,43.39,1482,68,17,Snack,Non-Veg,46,2.4
845,655,26.7,68.21,43.62,23.16,22.94,814,27,20,Lunch,Vegan,56,2.5
846,775,41.94,31.19,37.57,15.51,46.26,1805,17,5,Breakfast,Veg,84,1.1
847,521,8.01,52.75,76.74,13.62,31.68,1080,79,4,Dinner,Non-Veg,28,1.9
848,565,33.99,8.9,103.48,23.76,17.53,1675,64,16,Snack,Veg,48,4.1
849,619,18.45,61.69,35.42,20.96,39.76,899,91,10,Breakfast,Non-Veg,5,1.1
850,257,47.85,59.01,64.68,18.53,15.87,399,78,16,Lunch,Vegan,51,1.8
851,759,24.81,4.56,112.17,10.73,46.97,849,98,8,Snack,Non-Veg,67,1.6
852,336,7.78,56.28,62.99,15.79,39.21,1776,102,11,Lunch,Non-Veg,27,1.4
853,126,27.37,44.39,73.23,0.7,35.38,1935,15,15,Breakfast,Vegan,94,1.5
854,564,38.8,54.65,26.45,16.31,11.09,446,73,10,Snack,Non-Veg,85,1.2
855,184,56.23,44.29,78.41,14.48,5.17,990,81,6,Breakfast,Veg,37,2.0
856,284,7.38,35.1,46.56,20.96,19.54,1055,106,3,Snack,Veg,63,4.8
857,178,14.2,29.97,107.32,15.84,22.54,379,28,12,Breakfast,Veg,85,3.3
858,721,51.58,9.09,44.42,8.67,49.75,1278,74,3,Lunch,Vegan,95,2.0
859,224,13.19,3.04,7.65,12.79,7.62,1825,51,6,Lunch,Veg,42,1.6
860,185,44.21,65.85,35.77,12.04,47.66,763,95,20,Dinner,Non-Veg,96,4.2
861,546,31.73,28.6,27.2,4.32,34.35,1867,96,11,Snack,Veg,75,4.2
862,701,20.07,55.79,114.68,12.2,44.14,917,81,11,Dinner,Vegan,14,3.4
863,539,13.58,25.35,108.26,20.48,22.47,1871,9,19,Dinner,Vegan,53,2.2
864,760,57.12,37.6,50.81,2.87,40.45,929,106,8,Dinner,Veg,10,1.9
865,480,23.57,54.79,19.06,7.96,0.55,723,32,17,Dinner,Veg,72,1.3
866,390,36.9,37.38,16.84,6.95,30.4,1859,108,5,Snack,Vegan,97,2.7
867,427,13.49,4.43,61.8,1.17,13.72,294,20,17,Lunch,Vegan,42,3.4
868,342,35.43,20.67,79.02,21.4,49.4,1917,64,12,Lunch,Non-Veg,5,4.6
869,640,4.27,45.49,12.99,2.38,40.13,1531,43,11,Dinner,Non-Veg,52,1.3
870,893,20.16,43.25,50.23,17.41,22.73,1788,87,6,Dinner,Vegan,14,1.1
871,148,49.88,10.57,119.26,21.53,36.21,513,26,5,Lunch,Vegan,48,4.3
872,650,59.39,65.45,104.82,6.49,39.25,276,11,12,Breakfast,Non-Veg,43,3.8
873,488,17.65,12.75,20.84,11.52,6.31,1815,23,16,Snack,Vegan,16,3.1
874,346,35.52,46.63,117.28,8.05,36.54,512,16,11,Dinner,Vegan,11,2.4
875,348,40.25,51.73,28.68,1.95,48.59,173,32,3,Lunch,Non-Veg,50,1.8
876,207,21.75,57.17,92.58,12.85,15.67,1984,44,17,Lunch,Vegan,14,4.7
877,324,55.17,27.6,57.03,15.51,10.15,869,29,5,Dinner,Non-Veg,22,3.7
878,691,39.61,11.16,105.76,18.63,12.03,1881,63,8,Dinner,Veg,61,3.6
879,563,22.41,9.16,68.28,8.86,10.6,862,69,16,Dinner,Veg,57,2.1
880,200,4.85,27.39,111.72,4.85,9.47,411,81,11,Snack,Vegan,56,1.4
881,151,39.49,67.17,30.25,1.33,1.78,595,35,5,Breakfast,Non-Veg,29,4.5
882,816,43.52,28.04,16.65,18.35,43.98,599,68,9,Lunch,Veg,45,3.5
883,822,36.59,51.64,15.84,12.58,35.02,1026,99,12,Lunch,Veg,41,3.7
884,270,12.87,63.09,21.31,0.32,23.73,734,7,8,Dinner,Veg,22,3.7
885,109,36.45,67.9,72.06,12.21,12.38,274,10,3,Dinner,Veg,68,3.0
886,873,10.5,7.48,40.03,18.4,22.63,1554,49,20,Dinner,Vegan,63,2.0
887,569,2.79,25.33,86.67,22.28,38.73,1805,115,18,Breakfast,Non-Veg,88,3.1
888,755,3.2,68.53,103.47,16.48,7.08,1069,8,10,Snack,Non-Veg,27,4.0
889,298,55.4,27.07,17.41,6.85,31.34,1165,120,17,Lunch,Non-Veg,87,2.4
890,439,24.68,29.79,119.3,7.73,2.05,1115,94,13,Breakfast,Non-Veg,59,3.3
891,455,18.73,67.89,62.38,17.14,23.32,357,71,12,Lunch,Non-Veg,63,2.2
892,401,2.9,3.83,37.55,14.83,2.66,676,5,16,Dinner,Vegan,1,1.2
893,241,22.31,20.55,103.79,16.63,38.44,367,16,11,Lunch,Vegan,26,2.7
894,182,18.87,3.22,112.29,6.22,33.93,841,59,15,Breakfast,Non-Veg,39,3.4
895,277,34.71,47.85,42.09,14.45,34.17,458,37,7,Snack,Vegan,26,2.2
896,187,19.25,64.97,58.03,4.58,39.12,1757,60,6,Lunch,Vegan,57,3.8
897,615,56.22,50.17,58.86,10.69,21.03,890,64,3,Breakfast,Non-Veg,12,4.0
898,729,54.6,55.28,71.74,9.33,31.04,1893,77,12,Breakfast,Non-Veg,17,2.6
899,106,28.84,53.65,64.57,20.98,4.23,603,111,6,Dinner,Vegan,13,4.3
900,679,29.93,23.86,12.0,18.51,33.72,1564,96,4,Lunch,Vegan,19,3.2
901,607,9.91,62.76,78.56,3.87,31.41,1522,5,18,Lunch,Veg,9,1.0
902,718,53.03,36.87,33.43,2.59,1.23,1085,61,15,Breakfast,Veg,39,2.6
903,288,49.58,59.08,67.87,20.54,34.07,1809,89,6,Snack,Veg,82,1.1
904,245,49.48,46.37,24.64,18.54,27.33,1025,66,12,Dinner,Vegan,13,4.8
905,604,23.31,19.99,49.37,20.0,23.2,1716,59,7,Breakfast,Non-Veg,59,1.5
906,498,2.64,21.89,79.19,22.33,30.99,137,50,7,Snack,Vegan,59,2.1
907,262,22.75,60.05,62.87,8.72,35.31,849,70,5,Lunch,Vegan,20,2.4
908,836,34.66,32.7,103.75,3.5,39.25,1398,43,15,Breakfast,Vegan,62,2.5
909,583,37.14,13.45,86.48,12.67,32.95,580,21,13,Dinner,Vegan,80,4.3
910,169,4.61,59.79,23.31,2.41,5.31,1963,91,18,Dinner,Veg,99,4.2
911,850,48.15,8.27,106.29,18.2,19.2,910,13,4,Dinner,Veg,5,4.4
912,174,27.61,26.83,77.6,0.74,8.7,270,94,17,Snack,Veg,82,3.3
913,304,13.35,34.89,83.07,5.64,37.11,938,109,19,Lunch,Veg,75,1.1
914,784,7.58,3.29,21.16,0.13,38.72,1213,74,5,Dinner,Veg,88,3.9
915,845,39.25,35.24,100.73,14.26,23.69,771,50,20,Lunch,Veg,57,2.7
916,485,52.69,40.27,19.63,12.93,5.05,1071,34,4,Dinner,Veg,29,4.3
917,396,55.49,18.35,85.88,1.7,43.57,639,14,20,Lunch,Vegan,79,3.0
918,508,37.88,38.67,107.56,14.57,46.85,588,88,3,Breakfast,Non-Veg,54,2.0
919,442,53.51,5.1,28.49,20.42,16.48,1601,89,4,Lunch,Non-Veg,10,4.2
920,677,54.45,49.51,93.04,0.88,49.05,1995,58,5,Snack,Veg,35,3.9
921,206,4.06,36.02,79.79,10.79,15.17,1790,117,10,Breakfast,Veg,4,4.1
922,300,32.98,60.36,83.42,18.45,27.62,156,54,15,Lunch,Non-Veg,90,2.7
923,241,8.7,9.14,75.8,22.59,17.59,752,60,4,Lunch,Veg,12,3.4
924,332,25.96,52.93,97.89,13.41,2.29,1692,6,10,Breakfast,Veg,8,1.5
925,284,18.39,22.67,74.28,22.26,49.9,315,82,15,Snack,Vegan,16,3.6
926,178,16.51,38.51,61.92,18.38,17.85,1924,114,10,Snack,Vegan,39,4.8
927,898,33.98,60.96,33.08,22.32,15.94,1158,69,6,Breakfast,Non-Veg,53,3.8
928,736,30.2,6.41,109.89,21.04,26.05,674,99,20,Lunch,Veg,48,3.9
929,245,4.08,17.22,55.63,19.1,47.65,93,68,4,Dinner,Non-Veg,76,2.5
930,186,5.46,59.97,49.15,0.47,19.13,959,10,10,Lunch,Non-Veg,24,3.6
931,645,5.03,22.06,67.28,8.7,1.3,1296,101,13,Dinner,Vegan,28,4.0
932,449,44.1,43.89,104.56,19.57,46.43,1590,12,6,Snack,Vegan,87,2.1
933,647,28.88,40.51,70.35,12.97,8.13,830,64,10,Lunch,Veg,36,4.2
934,380,6.96,18.25,67.42,8.44,19.73,1310,40,14,Dinner,Vegan,33,4.1
935,890,37.26,9.58,70.37,8.02,13.23,416,61,17,Breakfast,Non-Veg,2,2.9
936,467,29.85,59.26,30.05,1.46,46.94,616,119,20,Dinner,Veg,57,1.7
937,884,47.63,18.91,61.92,5.69,8.72,1834,84,4,Lunch,Veg,84,1.2
938,800,31.39,31.38,41.49,13.84,11.4,1999,96,11,Dinner,Veg,87,4.4
939,461,33.35,4.09,31.99,2.73,25.35,281,70,5,Lunch,Veg,42,3.3
940,797,26.13,45.29,105.72,3.58,16.33,1664,51,13,Snack,Vegan,48,2.9
941,401,38.07,12.06,10.13,23.26,45.59,102,18,9,Dinner,Vegan,92,4.1
942,620,47.44,50.19,113.09,9.47,29.13,1395,97,7,Snack,Vegan,11,4.8
943,329,34.79,69.85,77.49,18.35,26.95,298,113,19,Breakfast,Vegan,61,3.6
944,632,27.58,19.57,101.14,7.33,12.2,547,107,14,Lunch,Non-Veg,41,4.0
945,218,42.2,31.71,115.12,10.25,3.98,1197,69,5,Dinner,Vegan,62,3.4
946,559,47.61,16.85,100.2,24.67,46.29,551,104,16,Lunch,Vegan,34,4.2
947,449,20.2,6.62,53.42,24.58,28.8,1345,117,9,Lunch,Non-Veg,2,1.7
948,528,17.28,39.27,111.96,18.57,6.32,119,111,16,Breakfast,Vegan,22,5.0
949,235,31.86,37.52,49.63,10.56,6.37,1477,76,10,Dinner,Veg,44,4.6
950,444,36.31,43.55,119.33,1.13,36.94,776,62,16,Snack,Vegan,56,2.2
951,588,42.61,51.61,88.23,14.74,41.01,1093,15,7,Breakfast,Vegan,76,2.5
952,764,28.3,23.11,25.32,18.06,13.96,1633,17,10,Dinner,Non-Veg,44,1.2
953,630,54.04,41.01,102.07,10.67,16.14,702,101,8,Lunch,Veg,95,4.5
954,848,14.22,36.82,71.14,15.39,4.97,633,26,6,Dinner,Non-Veg,63,2.8
955,273,18.73,64.32,118.71,18.84,46.23,1414,40,7,Breakfast,Veg,71,4.4
956,872,11.79,42.29,9.57,22.27,26.9,449,5,18,Breakfast,Non-Veg,27,2.1
957,684,26.74,31.69,19.51,11.35,45.9,1516,95,6,Snack,Non-Veg,64,2.1
958,240,59.6,51.48,18.39,8.84,3.95,1674,33,5,Dinner,Veg,65,2.3
959,564,38.58,36.39,94.36,17.67,15.74,1943,9,16,Breakfast,Vegan,67,2.3
960,671,40.35,61.55,9.1,15.86,0.4,330,80,15,Lunch,Vegan,26,2.1
961,255,30.1,13.91,62.12,3.29,31.74,231,71,9,Breakfast,Non-Veg,9,3.0
962,725,14.1,13.29,53.09,6.58,19.01,1245,35,14,Snack,Vegan,85,4.8
963,407,50.76,61.38,81.82,12.26,31.5,1274,50,20,Snack,Non-Veg,13,1.9
964,873,46.31,29.95,56.42,6.18,21.24,410,64,13,Breakfast,Non-Veg,90,2.6
965,231,46.87,34.38,97.54,12.23,20.6,530,8,12,Dinner,Vegan,28,4.6
966,518,5.53,54.25,35.08,7.94,19.57,955,59,15,Dinner,Veg,35,2.9
967,324,21.71,57.48,40.48,10.25,28.63,391,73,9,Breakfast,Vegan,79,2.3
968,719,33.31,66.57,7.43,9.48,39.02,732,50,20,Breakfast,Vegan,7,3.1
969,470,33.06,68.98,101.39,9.89,35.89,644,107,8,Dinner,Non-Veg,53,1.9
970,850,16.42,1.94,102.23,18.88,26.33,1077,55,18,Breakfast,Veg,37,2.2
971,335,38.63,48.48,8.88,18.75,40.65,823,88,15,Lunch,Vegan,35,4.4
972,178,6.29,50.83,92.67,10.38,0.74,1750,74,7,Breakfast,Vegan,76,4.2
973,298,50.23,60.29,95.25,10.63,37.17,668,40,17,Lunch,Veg,34,4.9
974,690,29.34,21.1,15.7,24.17,28.05,1039,41,20,Lunch,Non-Veg,3,5.0
975,845,24.83,26.72,67.86,2.71,11.2,100,55,10,Snack,Non-Veg,62,3.3
976,758,20.02,10.92,77.44,2.09,28.04,475,115,18,Lunch,Veg,19,2.6
977,584,32.36,58.94,92.47,1.47,24.67,893,44,13,Lunch,Veg,42,3.8
978,713,25.58,1.38,84.4,18.88,39.73,1167,68,13,Lunch,Non-Veg,60,3.8
979,626,34.18,52.04,89.3,23.03,21.29,208,53,7,Breakfast,Veg,67,4.0
980,270,13.45,61.01,18.07,22.14,24.76,1332,107,19,Snack,Veg,96,4.5
981,528,25.17,21.48,55.08,7.36,46.1,1435,39,19,Dinner,Vegan,48,3.3
982,269,10.21,37.1,28.51,15.35,35.72,1113,82,11,Snack,Non-Veg,27,4.7
983,864,43.77,59.82,20.56,13.11,41.47,70,45,16,Lunch,Veg,61,1.3
984,105,20.09,13.95,84.82,13.44,16.55,175,84,17,Lunch,Veg,45,3.5
985,331,22.01,1.97,27.15,7.1,45.58,922,79,12,Dinner,Vegan,99,2.6
986,360,34.54,45.27,28.3,14.82,5.15,493,40,8,Dinner,Vegan,14,1.5
987,634,36.06,53.86,42.97,19.3,29.61,617,108,18,Lunch,Veg,1,4.1
988,321,7.3,56.43,21.85,4.12,43.73,712,14,4,Lunch,Vegan,57,2.7
989,583,20.97,35.53,18.49,14.0,18.87,839,95,18,Dinner,Non-Veg,67,2.3
990,180,53.23,59.11,114.87,23.64,41.68,1506,23,16,Snack,Non-Veg,89,4.2
991,801,8.97,63.08,79.99,4.45,43.31,1801,64,14,Snack,Veg,79,3.2
992,295,24.18,13.35,90.98,0.27,22.1,1127,29,3,Dinner,Non-Veg,13,4.6
993,359,31.16,1.9,36.4,16.18,32.08,865,10,11,Dinner,Vegan,8,4.9
994,131,52.06,65.0,119.68,15.81,24.52,1019,100,20,Breakfast,Veg,48,1.1
995,830,10.89,51.8,105.16,3.29,20.98,1782,20,4,Snack,Vegan,91,1.2
996,199,51.76,20.15,103.05,16.38,36.87,731,112,13,Lunch,Vegan,93,4.8
997,628,2.82,46.85,52.88,16.69,3.07,445,110,19,Lunch,Vegan,35,1.3
998,554,4.58,42.99,84.2,10.23,31.76,1774,112,3,Dinner,Non-Veg,72,2.4
999,449,29.04,58.69,14.9,23.26,4.41,1930,16,8,Breakfast,Veg,41,3.4
1000,120,46.47,55.42,30.02,9.36,4.06,1533,36,12,Lunch,Vegan,97,4.0
1001,417,5.09,49.71,25.47,3.51,15.78,512,111,9,Dinner,Veg,23,4.9
1002,365,42.46,19.25,61.34,14.47,17.44,1364,71,17,Lunch,Veg,75,2.5
1003,650,34.99,69.57,54.89,16.15,34.1,641,31,13,Dinner,Veg,66,4.1
1004,364,14.66,19.0,111.02,12.93,31.56,1023,22,17,Dinner,Non-Veg,73,2.5
1005,702,54.27,23.24,17.03,8.97,45.05,375,58,18,Dinner,Non-Veg,83,4.6
1006,291,54.96,22.13,58.69,4.65,1.09,1707,83,17,Snack,Vegan,52,2.9
1007,349,16.65,26.75,43.86,16.96,15.01,1952,117,10,Breakfast,Non-Veg,55,4.1
1008,691,25.24,2.97,63.9,23.06,44.33,1478,72,9,Lunch,Veg,85,2.3
1009,155,58.28,22.34,93.07,20.04,22.94,388,63,3,Lunch,Veg,23,2.2
1010,182,12.71,60.19,55.2,18.1,7.71,1187,113,14,Breakfast,Non-Veg,21,2.4
1011,582,33.89,28.19,29.44,11.81,18.81,999,95,10,Breakfast,Non-Veg,17,2.3
1012,236,25.19,23.57,37.57,16.87,43.63,1272,55,20,Breakfast,Non-Veg,63,3.7
1013,700,3.56,62.11,25.49,5.88,18.11,1076,110,3,Snack,Veg,83,1.9
1014,611,12.9,15.58,55.07,8.49,32.7,921,24,12,Dinner,Non-Veg,87,4.3
1015,135,17.14,66.9,25.64,9.96,25.87,267,64,5,Dinner,Vegan,94,1.4
1016,514,48.61,1.84,41.69,14.37,19.2,981,6,18,Snack,Non-Veg,99,1.2
1017,535,17.0,44.75,74.42,20.06,22.51,813,104,18,Dinner,Vegan,47,1.4
1018,283,58.88,37.69,49.1,16.87,7.52,740,95,11,Lunch,Vegan,79,3.9
1019,565,27.22,33.07,9.58,21.7,23.01,152,118,14,Dinner,Non-Veg,44,3.7
1020,885,49.51,38.45,25.55,8.92,0.88,714,43,4,Breakfast,Non-Veg,94,1.1
1021,856,24.98,13.09,66.52,3.15,7.23,1060,60,11,Dinner,Non-Veg,89,3.5
1022,850,49.59,40.27,9.67,8.16,1.91,1297,97,6,Snack,Vegan,93,1.3
1023,752,45.46,30.15,7.57,23.76,12.84,1387,100,5,Snack,Veg,25,3.3
1024,410,37.7,38.2,96.28,17.36,2.44,1224,65,9,Snack,Non-Veg,96,3.8
1025,290,18.06,47.33,74.53,22.74,33.91,608,5,16,Lunch,Veg,54,3.6
1026,381,17.49,42.34,117.23,7.95,11.07,87,95,13,Lunch,Veg,79,2.2
1027,829,37.34,32.78,53.39,14.88,27.07,1024,76,3,Dinner,Non-Veg,41,2.4
1028,555,10.8,59.95,62.38,13.31,8.5,848,37,15,Breakfast,Vegan,74,4.9
1029,746,30.22,68.96,14.56,18.7,26.48,672,42,13,Snack,Vegan,60,1.1
1030,739,35.93,44.07,69.96,10.38,38.25,1588,41,20,Snack,Veg,49,4.7
1031,234,23.95,66.47,19.2,9.89,10.57,276,78,12,Lunch,Veg,99,4.1
1032,852,58.78,38.95,45.48,5.44,45.02,621,45,14,Breakfast,Vegan,88,4.8
1033,880,38.9,35.66,66.24,5.63,20.2,1599,64,12,Snack,Veg,23,2.6
1034,103,32.89,24.05,58.36,4.31,45.36,835,79,16,Snack,Non-Veg,25,3.5
1035,733,15.0,43.07,62.89,2.01,28.53,887,7,13,Lunch,Veg,73,3.5
1036,800,7.28,26.55,90.44,22.09,32.71,1180,70,9,Lunch,Non-Veg,48,3.9
1037,345,12.16,65.66,110.96,8.07,14.65,1881,8,9,Snack,Non-Veg,32,3.7
1038,554,59.4,55.98,116.87,12.51,5.56,1287,112,13,Lunch,Veg,60,3.9
1039,171,2.4,3.23,82.84,21.68,49.78,1815,54,5,Snack,Non-Veg,92,3.1
1040,832,47.04,45.65,66.43,0.59,24.04,1536,12,12,Snack,Vegan,99,1.2
1041,509,43.56,36.3,79.71,10.71,6.2,348,113,11,Breakfast,Vegan,22,2.5
1042,772,21.71,64.0,96.49,5.25,4.86,1364,93,5,Snack,Vegan,63,4.0
1043,875,17.08,21.38,56.14,19.68,34.98,1213,40,4,Lunch,Veg,67,2.2
1044,326,53.05,39.88,87.09,7.67,35.79,1212,86,12,Snack,Vegan,57,3.7
1045,258,45.14,48.96,21.85,7.31,19.21,1354,34,3,Lunch,Vegan,39,1.6
1046,112,17.05,50.76,90.73,24.9,20.29,1316,120,8,Dinner,Vegan,20,3.3
1047,613,20.23,26.83,104.52,12.13,8.46,1125,66,8,Snack,Non-Veg,2,3.7
1048,166,21.86,22.34,30.8,6.96,38.9,1666,20,9,Dinner,Non-Veg,59,3.3
1049,753,54.57,58.96,102.26,19.58,26.21,517,99,9,Dinner,Vegan,5,2.6
1050,201,57.22,36.01,36.22,24.04,42.33,1151,116,5,Breakfast,Non-Veg,73,3.1
1051,350,16.85,52.02,84.32,16.27,12.25,1462,96,17,Lunch,Veg,78,2.1
1052,384,7.3,14.11,100.53,1.59,45.16,1120,43,4,Lunch,Veg,32,3.3
1053,695,29.68,7.78,106.39,1.28,39.5,199,30,18,Breakfast,Non-Veg,11,2.9
1054,202,33.46,15.83,61.03,14.23,29.09,1813,120,6,Snack,Vegan,25,3.4
1055,750,37.64,32.48,5.06,18.86,30.07,1058,85,8,Dinner,Vegan,62,3.1
1056,760,19.38,60.84,33.64,6.88,28.06,682,85,17,Breakfast,Veg,63,1.0
1057,621,29.29,12.26,12.54,10.8,15.23,1945,115,17,Dinner,Vegan,88,3.2
1058,287,13.23,8.5,31.66,7.68,15.27,1619,72,18,Breakfast,Vegan,39,4.7
1059,315,35.12,11.67,22.98,19.16,39.29,1795,25,8,Dinner,Vegan,61,3.6
1060,526,47.23,19.59,112.28,11.8,42.81,671,52,7,Dinner,Non-Veg,94,2.4
1061,863,20.29,22.25,69.78,19.07,0.28,1975,56,4,Snack,Non-Veg,83,4.2
1062,567,46.49,2.34,86.0,5.22,35.83,653,111,14,Breakfast,Non-Veg,55,4.2
1063,433,34.37,51.99,96.71,15.44,22.01,611,18,5,Lunch,Veg,42,3.9
1064,838,36.39,66.69,113.87,19.53,19.5,1911,95,18,Lunch,Non-Veg,78,3.3
1065,160,7.88,45.13,36.75,9.24,46.18,277,65,7,Breakfast,Non-Veg,100,3.9
1066,255,52.69,41.7,71.02,14.05,21.91,721,78,20,Dinner,Vegan,68,4.3
1067,806,3.27,54.27,12.82,19.65,35.57,692,114,14,Snack,Vegan,28,1.7
1068,579,15.21,25.99,27.88,24.29,12.95,1286,100,3,Lunch,Veg,83,2.6
1069,505,48.75,56.07,100.64,1.51,49.48,814,7,16,Breakfast,Vegan,42,4.2
1070,603,18.39,24.03,12.72,1.89,4.61,1193,104,6,Lunch,Vegan,12,3.3
1071,579,37.38,69.51,91.47,19.18,21.55,617,64,17,Lunch,Vegan,43,1.3
1072,763,35.36,32.33,94.83,18.49,47.43,1871,7,15,Dinner,Veg,80,4.3
1073,119,2.5,23.24,22.31,21.39,29.22,1622,46,20,Snack,Vegan,86,1.8
1074,688,55.67,62.63,87.21,14.42,9.44,353,31,12,Lunch,Veg,4,3.1
1075,140,47.21,38.27,114.79,8.19,15.77,521,89,9,Lunch,Non-Veg,21,2.7
1076,377,15.51,64.47,93.82,0.68,43.88,1984,61,6,Snack,Veg,57,4.5
1077,857,14.1,4.4,55.43,4.97,38.55,1258,109,6,Breakfast,Veg,65,4.7
1078,841,31.96,12.24,29.11,23.52,37.03,783,100,13,Snack,Veg,27,4.9
1079,619,22.87,18.61,17.88,11.42,0.36,1695,58,15,Breakfast,Non-Veg,47,4.8
1080,166,27.18,59.5,39.58,24.99,4.22,1368,108,15,Snack,Veg,36,3.9
1081,431,4.63,59.47,25.4,0.23,25.93,337,93,18,Breakfast,Veg,77,4.2
1082,857,40.34,26.65,52.71,3.94,8.62,1967,71,7,Lunch,Non-Veg,15,4.1
1083,130,30.86,22.12,76.91,22.72,13.26,707,8,3,Dinner,Veg,61,1.1
1084,247,54.99,4.21,48.36,14.96,26.26,373,17,3,Dinner,Veg,12,2.7
1085,167,8.52,33.82,118.09,21.4,26.84,325,114,3,Dinner,Non-Veg,61,4.6
1086,363,9.44,46.29,47.04,15.34,35.82,1028,68,9,Lunch,Veg,66,1.5
1087,246,15.08,6.67,15.9,10.1,44.35,265,36,10,Dinner,Veg,94,3.6
1088,436,43.21,32.89,72.94,12.92,49.38,596,102,7,Dinner,Non-Veg,48,3.6
1089,693,44.71,59.7,91.01,19.99,31.59,1676,30,8,Breakfast,Veg,82,1.1
1090,343,11.39,23.25,70.79,12.1,17.2,1337,116,15,Snack,Veg,59,3.5
1091,658,27.51,52.4,80.38,12.86,16.87,1877,28,11,Dinner,Non-Veg,99,3.2
1092,779,7.6,60.08,92.78,6.57,39.1,923,87,3,Lunch,Veg,30,4.9
1093,213,8.98,50.18,19.52,8.69,22.63,1183,15,19,Lunch,Non-Veg,66,1.8
1094,796,14.87,2.15,89.34,8.85,30.05,360,77,19,Breakfast,Vegan,47,3.2
1095,810,56.94,37.63,48.06,2.5,8.28,1349,114,10,Lunch,Vegan,79,2.7
1096,307,18.15,67.17,114.12,7.41,45.05,912,119,18,Snack,Non-Veg,18,3.9
1097,407,2.02,18.34,68.91,7.79,46.15,1305,81,5,Breakfast,Non-Veg,18,1.6
1098,264,46.35,56.68,114.35,6.06,39.32,1373,58,15,Lunch,Veg,45,1.3
1099,382,10.15,28.7,88.49,14.65,33.62,471,61,7,Dinner,Non-Veg,2,3.5
1100,633,20.05,8.08,77.28,11.78,33.02,661,110,6,Snack,Veg,10,4.5
1101,872,54.81,24.56,36.29,24.7,19.08,1875,37,6,Snack,Non-Veg,75,1.7
1102,826,42.1,55.82,92.22,5.62,5.15,1548,82,14,Lunch,Vegan,64,4.3
1103,542,26.46,45.03,104.49,7.01,36.2,614,120,11,Dinner,Non-Veg,86,4.3
1104,465,6.82,7.98,97.69,6.07,24.75,1260,60,11,Breakfast,Vegan,63,3.2
1105,679,23.8,36.81,111.4,9.56,30.08,1259,112,6,Breakfast,Veg,98,2.0
1106,694,41.01,63.36,53.51,9.84,37.22,761,87,17,Snack,Vegan,67,1.1
1107,508,49.16,44.34,94.43,16.73,1.28,1211,28,3,Dinner,Veg,38,4.7
1108,129,44.29,59.61,34.15,20.46,17.2,559,40,17,Breakfast,Non-Veg,59,3.8
1109,750,17.26,55.76,29.08,19.27,27.36,709,99,15,Dinner,Veg,64,4.4
1110,441,22.4,38.14,97.59,24.15,15.83,676,17,5,Snack,Non-Veg,80,3.0
1111,290,45.88,14.95,103.44,12.14,16.85,946,119,14,Lunch,Veg,42,1.1
1112,294,35.75,63.71,85.53,14.01,37.84,1152,27,15,Breakfast,Veg,12,1.4
1113,712,55.05,46.76,103.0,3.64,17.01,774,55,7,Snack,Veg,95,4.3
1114,400,37.58,67.98,42.24,5.62,41.31,553,75,7,Dinner,Veg,64,1.9
1115,811,59.03,17.93,30.97,16.2,10.8,75,42,10,Breakfast,Vegan,62,4.4
1116,524,34.27,69.89,27.11,4.65,25.93,868,85,15,Dinner,Vegan,47,4.2
1117,369,27.02,26.15,111.43,5.87,27.02,207,93,7,Dinner,Vegan,32,4.2
1118,692,9.47,68.69,95.19,12.69,23.79,692,18,10,Dinner,Vegan,90,3.6
1119,667,49.62,16.45,35.95,20.92,23.01,946,68,16,Breakfast,Veg,3,3.2
1120,672,39.72,62.81,59.81,17.66,3.19,775,13,11,Dinner,Vegan,4,3.9
1121,602,26.99,53.74,20.34,9.91,33.09,684,73,12,Dinner,Veg,73,4.2
1122,620,56.88,10.95,67.06,17.03,15.72,63,83,4,Dinner,Vegan,16,4.1
1123,172,37.6,37.55,88.99,18.31,12.44,1281,104,8,Lunch,Veg,84,4.7
1124,846,8.93,7.15,113.81,14.35,47.45,843,108,16,Snack,Vegan,61,1.6
1125,451,12.61,22.47,25.4,10.76,12.6,235,28,11,Snack,Veg,30,2.4
1126,762,38.71,24.44,91.46,13.1,1.02,1291,12,20,Breakfast,Vegan,48,1.4
1127,101,57.89,37.51,5.54,9.62,1.38,1903,77,14,Breakfast,Veg,25,3.5
1128,610,12.54,16.07,44.7,21.8,45.63,1278,52,8,Snack,Vegan,99,1.7
1129,252,49.23,31.71,76.54,23.38,44.41,1675,20,12,Dinner,Veg,45,3.7
1130,704,32.07,63.12,62.23,15.09,49.87,1934,48,17,Snack,Non-Veg,15,3.7
1131,167,21.62,26.23,32.54,20.44,9.42,877,10,14,Breakfast,Non-Veg,85,3.8
1132,705,7.73,36.87,81.3,8.01,26.37,1227,94,20,Snack,Vegan,83,1.8
1133,428,9.86,53.68,38.69,15.66,20.21,822,15,18,Breakfast,Non-Veg,14,2.3
1134,595,37.36,22.11,119.11,19.27,38.54,1481,12,19,Breakfast,Veg,12,2.2
1135,701,45.38,40.42,24.94,7.84,2.4,107,11,12,Snack,Veg,46,4.9
1136,153,49.78,48.21,54.89,12.71,42.46,1091,52,4,Lunch,Veg,59,4.8
1137,326,43.32,6.03,28.41,5.17,32.02,81,10,15,Lunch,Vegan,15,4.7
1138,104,54.45,46.51,110.25,8.27,8.85,848,110,10,Dinner,Non-Veg,6,1.6
1139,713,16.28,47.13,106.42,10.57,28.53,1818,120,12,Lunch,Vegan,95,4.7
1140,519,42.04,29.7,52.57,6.95,45.05,1722,104,18,Dinner,Vegan,2,3.5
1141,504,4.42,53.93,19.82,17.24,3.53,284,19,8,Snack,Veg,24,3.1
1142,271,56.72,18.7,83.3,23.27,19.91,1148,41,12,Dinner,Veg,98,1.5
1143,306,57.11,39.28,62.27,3.18,49.78,1010,66,6,Breakfast,Veg,5,4.3
1144,288,6.85,48.86,12.75,10.9,18.55,1562,23,17,Breakfast,Vegan,65,4.1
1145,293,46.58,51.02,10.03,0.36,7.64,1810,37,8,Dinner,Non-Veg,26,4.6
1146,157,24.7,11.56,38.56,1.59,9.2,448,47,17,Breakfast,Non-Veg,9,4.4
1147,716,32.66,39.42,21.49,24.1,2.84,1452,13,16,Breakfast,Vegan,93,1.7
1148,429,23.48,10.9,16.94,5.84,19.06,1202,12,15,Breakfast,Veg,98,3.5
1149,677,33.64,2.37,99.76,11.91,28.57,840,41,15,Snack,Vegan,31,3.7
1150,727,16.5,68.63,78.22,11.98,44.93,980,73,14,Lunch,Veg,37,3.5
1151,278,57.86,27.8,34.58,4.01,37.0,934,108,12,Lunch,Veg,59,2.6
1152,654,51.4,69.14,19.38,15.66,10.41,881,58,16,Snack,Vegan,58,2.8
1153,497,28.88,24.31,81.52,3.33,26.5,553,32,9,Lunch,Vegan,85,4.1
1154,472,54.22,38.83,92.86,10.21,32.2,487,55,7,Snack,Veg,70,3.6
1155,407,54.47,66.95,105.06,10.3,9.97,741,75,8,Snack,Vegan,56,1.7
1156,553,3.38,15.25,70.25,4.31,49.18,1443,77,7,Snack,Vegan,26,1.6
1157,424,29.18,60.89,20.01,23.28,15.81,1960,102,19,Breakfast,Vegan,13,4.1
1158,187,3.25,64.49,104.99,8.29,4.5,1957,120,14,Lunch,Vegan,20,4.8
1159,414,50.76,26.04,109.56,14.59,41.41,1022,48,8,Dinner,Non-Veg,13,4.2
1160,263,54.25,11.49,52.75,13.31,30.91,374,76,20,Snack,Vegan,36,3.8
1161,355,58.62,46.81,21.86,11.12,37.78,327,117,15,Snack,Non-Veg,62,1.7
1162,120,36.0,69.16,46.67,11.02,28.6,966,119,3,Snack,Vegan,73,2.4
1163,447,59.29,62.17,12.92,3.37,15.01,856,24,6,Lunch,Vegan,42,2.2
1164,185,22.57,68.87,61.9,15.55,29.52,396,51,11,Lunch,Vegan,36,4.9
1165,124,30.4,63.5,10.98,5.97,15.33,969,60,13,Breakfast,Non-Veg,96,5.0
1166,772,28.57,6.54,68.4,3.27,48.91,1328,6,3,Dinner,Non-Veg,26,4.6
1167,489,24.53,48.97,36.08,9.38,18.34,1099,114,16,Snack,Vegan,44,1.5
1168,454,43.71,39.11,61.22,6.67,45.67,1931,90,5,Dinner,Vegan,15,1.1
1169,231,48.76,8.39,13.56,9.33,7.7,1691,35,5,Breakfast,Veg,93,1.1
1170,449,52.47,43.6,22.97,15.65,43.57,993,85,13,Breakfast,Vegan,16,1.2
1171,242,13.57,52.48,14.33,2.29,47.57,57,60,10,Lunch,Veg,92,1.3
1172,428,38.28,14.29,99.02,17.71,24.77,1496,28,18,Dinner,Vegan,87,3.4
1173,162,27.67,36.02,14.15,24.35,13.16,1848,74,9,Breakfast,Vegan,98,1.3
1174,291,51.22,53.18,31.19,9.87,41.8,657,81,16,Dinner,Veg,55,2.0
1175,453,44.66,37.61,80.31,24.2,12.58,1594,25,5,Breakfast,Veg,64,2.4
1176,850,5.5,53.14,54.46,16.85,44.93,963,6,5,Dinner,Vegan,99,4.7
1177,470,42.49,42.78,115.32,14.23,36.36,703,62,14,Snack,Non-Veg,64,2.2
1178,600,20.18,69.94,26.88,14.68,2.13,772,57,17,Snack,Non-Veg,52,2.9
1179,575,28.23,10.8,91.31,10.49,1.22,335,105,13,Snack,Vegan,20,2.6
1180,114,27.19,57.4,109.12,3.78,47.3,494,17,3,Snack,Non-Veg,20,2.1
1181,302,3.26,28.06,39.91,23.88,27.47,516,29,18,Snack,Non-Veg,56,4.8
1182,263,30.27,46.94,45.64,2.65,47.65,1495,66,12,Lunch,Veg,67,4.8
1183,321,26.15,1.89,40.42,3.97,31.52,1450,84,16,Breakfast,Vegan,17,3.1
1184,449,44.04,56.69,104.37,9.24,48.52,179,7,17,Dinner,Non-Veg,32,1.8
1185,434,41.92,63.8,108.79,15.85,45.09,1025,105,11,Dinner,Vegan,43,3.8
1186,230,58.0,54.93,70.81,22.78,35.41,1298,35,10,Snack,Vegan,61,4.6
1187,420,31.64,7.6,91.27,15.59,4.07,1055,64,11,Breakfast,Non-Veg,50,4.1
1188,888,18.02,10.87,102.49,1.48,12.33,1346,5,13,Dinner,Vegan,62,3.2
1189,379,57.49,34.44,41.13,22.08,10.0,1710,87,9,Breakfast,Non-Veg,94,1.2
1190,299,32.36,35.78,33.55,9.4,35.03,1796,6,12,Dinner,Veg,19,2.2
1191,129,39.79,53.6,14.05,11.62,45.49,352,62,15,Lunch,Vegan,57,4.0
1192,210,56.34,32.46,27.74,15.16,14.24,1251,21,13,Breakfast,Veg,7,4.5
1193,665,29.67,10.78,100.66,9.38,1.27,939,87,13,Snack,Veg,42,3.5
1194,878,4.0,20.52,70.05,14.21,44.16,164,97,7,Snack,Veg,9,1.6
1195,204,32.32,65.87,32.03,18.87,48.62,742,15,16,Dinner,Veg,64,2.6
1196,163,32.43,45.29,50.54,3.87,41.14,1717,31,17,Lunch,Veg,98,4.6
1197,367,15.19,4.9,83.61,0.61,32.15,1478,33,18,Breakfast,Veg,29,4.0
1198,256,57.36,10.5,41.74,9.69,31.72,860,7,19,Dinner,Non-Veg,4,3.7
1199,813,26.07,5.69,28.01,0.9,11.48,1056,5,14,Breakfast,Vegan,48,3.0
1200,268,25.04,11.51,5.85,15.69,31.14,594,76,14,Snack,Veg,26,4.0
